student_id,archetype,t,true_state,state_name,concept_coverage,semantic_correctness,misconception_score,explanation_depth,response_effort,attention,confidence,difficulty
1,inconsistent,0,3,Understanding,0.7941,0.5049,0.0,0.6653,0.6621,0.7478,0.5391,0.5643
1,inconsistent,1,4,Confident,0.8866,0.9627,0.0968,0.6969,0.7943,0.6753,0.9642,0.2435
1,inconsistent,2,4,Confident,0.8119,0.9723,0.0345,0.7486,0.7077,0.8692,0.8975,0.3037
1,inconsistent,3,3,Understanding,0.9142,0.6594,0.0688,0.5523,0.7739,0.8968,0.6352,0.3408
1,inconsistent,4,1,Unclear,0.3151,0.4243,0.4043,0.2201,0.3779,0.5152,0.3784,0.8133
1,inconsistent,5,1,Unclear,0.3179,0.3568,0.3789,0.3758,0.1751,0.4584,0.2889,0.6169
1,inconsistent,6,1,Unclear,0.3995,0.2634,0.4468,0.0981,0.3098,0.5212,0.4262,0.7925
1,inconsistent,7,1,Unclear,0.2151,0.3038,0.4358,0.277,0.1969,0.3527,0.2305,0.7646
2,inconsistent,0,2,Struggling but Trying,0.4659,0.5626,0.2691,0.6048,0.6706,0.7528,0.3504,0.5945
2,inconsistent,1,2,Struggling but Trying,0.4031,0.5012,0.3481,0.6036,0.8298,0.7872,0.345,0.7396
2,inconsistent,2,2,Struggling but Trying,0.3053,0.3677,0.2003,0.598,0.6413,0.7508,0.5689,0.7037
2,inconsistent,3,3,Understanding,0.6066,0.6795,0.025,0.6093,0.8008,0.5254,0.7065,0.4809
2,inconsistent,4,1,Unclear,0.1054,0.3572,0.2971,0.3279,0.3526,0.7082,0.3189,0.5669
2,inconsistent,5,2,Struggling but Trying,0.472,0.6359,0.3835,0.5928,0.9256,0.6455,0.3168,0.6295
2,inconsistent,6,2,Struggling but Trying,0.3123,0.5635,0.2778,0.3735,0.6281,0.8408,0.509,1.0
3,strong,0,3,Understanding,0.7268,0.6187,0.0785,0.5765,0.6831,0.8886,0.6704,0.4294
3,strong,1,4,Confident,0.7125,0.8014,0.0446,1.0,0.7656,0.9278,0.7851,0.096
3,strong,2,3,Understanding,0.6275,0.9128,0.0379,0.7506,0.5916,0.8711,0.7,0.4296
3,strong,3,3,Understanding,0.6345,0.7446,0.0745,0.5029,0.5466,0.7724,0.8553,0.4708
3,strong,4,4,Confident,0.9086,0.9806,0.0719,0.7507,0.8828,0.8557,1.0,0.2738
4,hardworking_struggler,0,1,Unclear,0.4224,0.332,0.3117,0.4754,0.2172,0.3837,0.4336,0.6487
4,hardworking_struggler,1,2,Struggling but Trying,0.4337,0.5338,0.4407,0.5609,0.8273,0.5335,0.3937,0.6404
4,hardworking_struggler,2,2,Struggling but Trying,0.3622,0.4666,0.3916,0.3908,0.7537,0.7371,0.3574,0.8804
4,hardworking_struggler,3,2,Struggling but Trying,0.5837,0.4845,0.2304,0.5231,0.7791,0.823,0.259,0.7618
4,hardworking_struggler,4,2,Struggling but Trying,0.7017,0.6877,0.2147,0.5155,0.5744,0.7232,0.441,0.9068
4,hardworking_struggler,5,3,Understanding,0.6346,0.4853,0.1037,0.5225,0.6365,0.636,0.6377,0.2215
4,hardworking_struggler,6,3,Understanding,0.9129,0.5713,0.0103,0.8704,1.0,0.5977,0.6021,0.4944
4,hardworking_struggler,7,3,Understanding,0.6013,0.6755,0.1977,0.7022,0.6549,0.7326,0.4713,0.419
5,fast_learner,0,2,Struggling but Trying,0.5513,0.5155,0.3352,0.5564,0.75,0.7062,0.4411,0.7374
5,fast_learner,1,2,Struggling but Trying,0.6073,0.5386,0.2237,0.4165,0.8929,0.8342,0.4624,0.5232
5,fast_learner,2,3,Understanding,0.7454,0.589,0.0728,0.6816,0.7063,0.712,0.6365,0.4172
5,fast_learner,3,3,Understanding,0.8471,0.4433,0.0963,0.6712,0.7355,0.7017,0.4216,0.4926
5,fast_learner,4,3,Understanding,0.5466,0.7864,0.0871,0.6426,0.5737,0.7065,0.819,0.5257
5,fast_learner,5,3,Understanding,0.8177,0.7439,0.2944,0.7027,0.7994,0.7114,0.6587,0.3593
5,fast_learner,6,4,Confident,0.7622,0.9282,0.0309,0.9405,0.8401,1.0,0.945,0.0456
5,fast_learner,7,3,Understanding,0.5828,0.6482,0.2711,0.7265,0.6161,0.6182,0.6543,0.2918
5,fast_learner,8,2,Struggling but Trying,0.4812,0.6155,0.3609,0.275,0.7865,0.8094,0.4538,0.9601
6,strong,0,2,Struggling but Trying,0.2918,0.6476,0.3368,0.6516,0.6815,0.9058,0.5389,0.7803
6,strong,1,3,Understanding,0.727,0.6137,0.1052,0.6317,0.746,0.88,0.5124,0.4337
6,strong,2,4,Confident,0.8056,0.7678,0.0702,0.9013,0.7514,0.9728,0.9614,0.3594
6,strong,3,3,Understanding,0.9328,0.6795,0.0,0.8425,0.6451,0.764,0.8202,0.2417
6,strong,4,3,Understanding,0.5399,0.6206,0.164,0.7129,0.7332,0.5663,0.3497,0.4571
7,strong,0,4,Confident,0.8138,0.8638,0.126,0.8275,0.8136,0.7084,0.8267,0.2756
7,strong,1,4,Confident,0.8406,0.9021,0.0234,0.7859,0.8495,0.5409,0.6815,0.0573
7,strong,2,4,Confident,0.8122,0.9249,0.0215,0.8237,0.8807,0.9726,0.841,0.426
7,strong,3,4,Confident,0.7963,0.7906,0.0,0.6934,0.707,0.9045,1.0,0.0703
7,strong,4,3,Understanding,0.5959,0.7475,0.1069,0.4303,0.8114,0.6713,0.5806,0.3109
8,inconsistent,0,3,Understanding,0.7329,0.7362,0.2521,0.6089,0.5228,0.8887,0.6069,0.5949
8,inconsistent,1,1,Unclear,0.2369,0.3849,0.5451,0.5492,0.3583,0.5208,0.4899,0.5901
8,inconsistent,2,2,Struggling but Trying,0.4474,0.5314,0.2167,0.3593,0.5012,0.6547,0.3404,0.7119
8,inconsistent,3,2,Struggling but Trying,0.5606,0.4038,0.3348,0.5012,0.7159,0.8241,0.4805,0.7059
8,inconsistent,4,2,Struggling but Trying,0.3358,0.5006,0.5598,0.5768,0.922,0.8119,0.4755,0.7426
9,inconsistent,0,3,Understanding,0.7666,0.8085,0.1567,0.6157,0.7545,0.7099,0.7716,0.2119
9,inconsistent,1,0,Not Trying,0.0,0.0005,0.2364,0.1574,0.0,0.0047,0.0,0.4293
9,inconsistent,2,3,Understanding,0.7435,0.644,0.1665,0.4627,0.6643,0.7629,0.6388,0.5528
9,inconsistent,3,3,Understanding,0.7668,0.6312,0.2098,0.8455,0.5836,0.6346,0.8237,0.4251
9,inconsistent,4,2,Struggling but Trying,0.4057,0.6455,0.3131,0.581,0.9378,0.753,0.2777,0.6917
9,inconsistent,5,1,Unclear,0.0934,0.4137,0.2961,0.4377,0.0627,0.3977,0.1308,0.5926
10,inconsistent,0,3,Understanding,0.6841,0.7203,0.0191,0.7348,0.7795,0.8001,0.7223,0.4885
10,inconsistent,1,4,Confident,0.8713,0.8193,0.0,0.6761,0.6007,0.6845,0.8408,0.2935
10,inconsistent,2,3,Understanding,0.6234,0.79,0.1939,0.6308,0.6217,0.8213,0.6744,0.2617
10,inconsistent,3,0,Not Trying,0.0762,0.06,0.119,0.0,0.2203,0.3622,0.2672,0.5472
10,inconsistent,4,2,Struggling but Trying,0.3344,0.4706,0.1928,0.6357,0.9897,0.647,0.2911,0.7806
10,inconsistent,5,4,Confident,0.7578,0.8749,0.2321,0.6018,0.5963,0.7449,0.7823,0.3556
11,strong,0,4,Confident,1.0,0.7872,0.0,0.8649,0.8416,0.8583,0.6309,0.3199
11,strong,1,3,Understanding,0.7235,0.5576,0.1646,0.5532,0.5461,0.8428,0.6814,0.3702
11,strong,2,4,Confident,0.8359,0.8532,0.0769,0.7256,0.8065,0.7307,0.7965,0.4271
11,strong,3,4,Confident,0.6387,1.0,0.3049,0.7514,0.5176,0.7596,0.8128,0.2253
11,strong,4,4,Confident,0.938,0.9025,0.0,0.8839,0.9963,0.8224,0.8061,0.2315
11,strong,5,4,Confident,0.7069,0.8664,0.011,1.0,0.7291,1.0,0.7065,0.3263
12,disengaged,0,1,Unclear,0.3713,0.3176,0.1808,0.2979,0.2417,0.4555,0.3394,0.4783
12,disengaged,1,1,Unclear,0.2982,0.2977,0.0935,0.3942,0.3827,0.4072,0.1788,0.8087
12,disengaged,2,0,Not Trying,0.2883,0.192,0.1388,0.03,0.158,0.2813,0.4627,0.4322
12,disengaged,3,1,Unclear,0.1999,0.3065,0.3021,0.3949,0.5298,0.4404,0.2948,0.7408
12,disengaged,4,1,Unclear,0.3452,0.1248,0.2673,0.2061,0.0716,0.3747,0.231,0.6739
12,disengaged,5,1,Unclear,0.2255,0.2469,0.3443,0.4259,0.2329,0.3816,0.4226,0.6712
12,disengaged,6,1,Unclear,0.2486,0.4202,0.2465,0.2985,0.3247,0.3419,0.1467,0.7891
13,strong,0,3,Understanding,0.4719,0.5503,0.0277,0.8253,0.7339,0.8498,0.5018,0.3045
13,strong,1,4,Confident,0.8858,0.9049,0.0312,0.8334,0.769,0.9011,0.9549,0.0394
13,strong,2,4,Confident,0.9802,0.9688,0.0,0.5768,0.7619,0.921,1.0,0.3171
13,strong,3,4,Confident,0.7907,0.8511,0.0201,0.6782,0.9959,1.0,0.9977,0.1303
13,strong,4,4,Confident,0.944,0.8943,0.175,0.8762,0.8388,0.8828,0.8943,0.0181
13,strong,5,2,Struggling but Trying,0.3944,0.372,0.4682,0.7575,0.9131,0.8332,0.5756,0.7516
13,strong,6,2,Struggling but Trying,0.3407,0.5397,0.306,0.3937,0.7439,0.7896,0.6337,0.8662
13,strong,7,2,Struggling but Trying,0.4749,0.5044,0.2797,0.4201,0.7319,0.703,0.2375,0.8165
14,strong,0,1,Unclear,0.3496,0.4559,0.4526,0.3047,0.2486,0.3591,0.3948,0.7493
14,strong,1,3,Understanding,0.81,0.6868,0.0,0.6117,0.7261,0.7237,0.5749,0.4829
14,strong,2,3,Understanding,0.6372,0.7311,0.0798,0.6793,0.7328,0.6019,0.5874,0.6369
14,strong,3,4,Confident,0.9118,0.7338,0.0,0.5766,0.7535,0.804,0.8347,0.4078
14,strong,4,4,Confident,0.9196,1.0,0.0,0.7544,0.6597,0.6837,0.8076,0.4356
14,strong,5,4,Confident,0.8464,1.0,0.0536,1.0,0.7388,0.817,0.8975,0.6633
15,hardworking_struggler,0,2,Struggling but Trying,0.401,0.5909,0.3031,0.5834,0.7517,0.8438,0.4552,0.4982
15,hardworking_struggler,1,3,Understanding,0.6018,0.5558,0.1142,0.6601,0.6168,0.858,0.4755,0.3971
15,hardworking_struggler,2,3,Understanding,0.6953,0.7279,0.0192,0.7369,0.7076,0.504,0.3954,0.4484
15,hardworking_struggler,3,2,Struggling but Trying,0.4397,0.4972,0.3226,0.6637,0.6167,0.6476,0.2579,0.7876
15,hardworking_struggler,4,2,Struggling but Trying,0.4069,0.2498,0.1296,0.45,0.6831,0.7469,0.405,0.7095
16,disengaged,0,1,Unclear,0.2979,0.1964,0.389,0.3123,0.3323,0.7065,0.2691,0.9678
16,disengaged,1,2,Struggling but Trying,0.3223,0.507,0.1924,0.4598,0.7976,0.8722,0.3191,0.8784
16,disengaged,2,3,Understanding,0.8436,0.7529,0.2563,0.4243,0.6619,0.6373,0.6655,0.3757
16,disengaged,3,3,Understanding,0.8882,0.683,0.1614,0.6221,0.7091,0.7508,0.7083,0.6015
16,disengaged,4,4,Confident,0.911,0.909,0.0,0.7895,0.8628,0.9126,0.8775,0.3652
16,disengaged,5,4,Confident,1.0,0.8789,0.0144,0.8403,0.3983,0.8498,0.3757,0.0259
16,disengaged,6,2,Struggling but Trying,0.4978,0.3838,0.2288,0.7145,0.6919,1.0,0.3998,0.803
16,disengaged,7,1,Unclear,0.2631,0.2498,0.339,0.2957,0.1862,0.4667,0.2535,0.8202
17,fast_learner,0,1,Unclear,0.3117,0.25,0.2458,0.4326,0.3005,0.3158,0.4077,0.7602
17,fast_learner,1,2,Struggling but Trying,0.4729,0.5736,0.3374,0.6258,0.5815,0.843,0.3607,0.6872
17,fast_learner,2,2,Struggling but Trying,0.5979,0.6794,0.4315,0.5368,0.7923,0.8997,0.4158,0.767
17,fast_learner,3,3,Understanding,0.6941,0.6271,0.0786,0.7261,0.7004,0.7942,0.7371,0.4013
17,fast_learner,4,4,Confident,0.9179,0.7265,0.1942,0.7399,0.5514,0.6641,0.7173,0.2568
17,fast_learner,5,4,Confident,0.8463,0.912,0.084,0.8379,0.7992,0.8801,0.576,0.2026
17,fast_learner,6,4,Confident,0.8836,0.8495,0.1546,0.9425,0.7743,0.735,0.9131,0.1814
17,fast_learner,7,4,Confident,0.9786,0.7942,0.1306,0.8813,0.6354,0.9266,0.9408,0.2633
17,fast_learner,8,4,Confident,0.7941,0.7962,0.1043,0.6853,0.8025,0.6386,0.8235,0.2643
18,disengaged,0,0,Not Trying,0.065,0.1911,0.1118,0.1034,0.0416,0.389,0.2407,0.6472
18,disengaged,1,0,Not Trying,0.044,0.0428,0.1455,0.2234,0.0507,0.1744,0.1551,0.4702
18,disengaged,2,3,Understanding,0.6087,0.7227,0.2519,0.9871,0.6296,0.9366,0.6817,0.4303
18,disengaged,3,3,Understanding,0.7062,0.711,0.0792,0.4822,0.5148,0.8349,0.614,0.3725
18,disengaged,4,3,Understanding,0.7795,0.718,0.0544,0.7972,0.8895,0.8143,0.7766,0.6115
18,disengaged,5,2,Struggling but Trying,0.5114,0.5598,0.352,0.4183,0.8341,0.6237,0.2967,0.9195
18,disengaged,6,1,Unclear,0.3987,0.3228,0.2348,0.2711,0.3622,0.5103,0.4974,0.653
18,disengaged,7,1,Unclear,0.1511,0.395,0.3503,0.21,0.3217,0.4761,0.3149,0.9303
19,fast_learner,0,3,Understanding,0.6737,0.6314,0.2582,0.6302,0.8546,0.758,0.6548,0.4385
19,fast_learner,1,4,Confident,1.0,0.618,0.0,0.7348,0.7517,0.8897,0.9115,0.2
19,fast_learner,2,3,Understanding,0.803,0.7184,0.2163,0.6827,0.6326,0.8407,0.6644,0.4502
19,fast_learner,3,4,Confident,0.6349,0.7082,0.0,0.7564,0.7194,0.604,0.7219,0.1381
19,fast_learner,4,4,Confident,1.0,0.8088,0.0136,0.6621,0.521,0.7848,0.7203,0.239
20,disengaged,0,0,Not Trying,0.0866,0.1917,0.0,0.1526,0.0,0.2823,0.2986,0.3211
20,disengaged,1,1,Unclear,0.2865,0.4113,0.3359,0.4838,0.4709,0.4666,0.4475,0.9514
20,disengaged,2,1,Unclear,0.1272,0.2573,0.4985,0.173,0.1913,0.4368,0.4046,0.6867
20,disengaged,3,2,Struggling but Trying,0.3826,0.4288,0.212,0.8238,0.7857,0.9153,0.3364,0.7258
20,disengaged,4,3,Understanding,0.4348,0.5622,0.0,0.38,0.5566,0.9222,0.6442,0.6178
20,disengaged,5,3,Understanding,0.7783,0.6099,0.1724,0.7374,0.6308,0.8227,0.7236,0.3786
20,disengaged,6,4,Confident,0.7616,0.8587,0.0827,0.7049,0.7532,0.8742,0.9304,0.4517
20,disengaged,7,4,Confident,0.7799,1.0,0.0,0.9254,0.7582,0.7464,0.615,0.2277
20,disengaged,8,3,Understanding,0.7967,0.8517,0.0403,0.6862,0.613,0.6683,0.7507,0.445
20,disengaged,9,0,Not Trying,0.0018,0.2499,0.1097,0.1455,0.0063,0.1936,0.285,0.3913
21,disengaged,0,0,Not Trying,0.1949,0.1125,0.1373,0.0,0.0628,0.122,0.5106,0.5473
21,disengaged,1,0,Not Trying,0.1694,0.0,0.0,0.1455,0.0673,0.2326,0.1276,0.497
21,disengaged,2,0,Not Trying,0.1324,0.167,0.0561,0.0027,0.0,0.2335,0.4099,0.2952
21,disengaged,3,1,Unclear,0.1343,0.2535,0.3553,0.0499,0.4237,0.598,0.3174,0.3775
21,disengaged,4,1,Unclear,0.3733,0.0722,0.3152,0.1584,0.4465,0.4122,0.4025,0.7735
22,fast_learner,0,1,Unclear,0.1015,0.469,0.2739,0.2327,0.3473,0.2968,0.3797,0.8258
22,fast_learner,1,2,Struggling but Trying,0.2911,0.4876,0.3742,0.3246,0.621,0.914,0.4351,0.8036
22,fast_learner,2,4,Confident,0.9269,0.9158,0.3211,0.7743,0.6543,0.8556,0.9071,0.1815
22,fast_learner,3,4,Confident,1.0,0.8827,0.0,0.9099,0.7369,0.7671,0.9231,0.0821
22,fast_learner,4,3,Understanding,0.7722,0.8913,0.1666,0.6049,0.6391,0.6967,0.617,0.4009
22,fast_learner,5,2,Struggling but Trying,0.2767,0.5862,0.262,0.5952,0.6148,0.9727,0.5619,0.8747
22,fast_learner,6,3,Understanding,0.7829,0.7405,0.0,0.6471,0.7437,0.8223,0.673,0.4879
22,fast_learner,7,4,Confident,1.0,0.5633,0.0183,0.7802,0.5397,0.8122,1.0,0.1087
22,fast_learner,8,4,Confident,0.7884,0.7828,0.1977,0.7349,0.8055,0.5567,1.0,0.3283
23,strong,0,3,Understanding,0.6676,0.6796,0.0708,0.5803,0.7834,0.7833,0.7347,0.4489
23,strong,1,3,Understanding,0.6581,0.923,0.0,0.8013,0.8641,0.6392,0.9398,0.5794
23,strong,2,4,Confident,0.8828,0.8283,0.0291,0.8469,0.9181,0.8236,0.7315,0.3572
23,strong,3,4,Confident,0.9455,0.9245,0.0229,0.6885,0.6458,0.5874,0.8808,0.2392
23,strong,4,4,Confident,0.5844,0.7253,0.1621,0.7202,0.7933,0.6192,1.0,0.2313
23,strong,5,3,Understanding,0.9326,0.8516,0.0893,0.5788,0.6609,0.8163,0.6363,0.3986
23,strong,6,3,Understanding,0.6886,0.93,0.1291,0.8642,0.7429,0.8752,0.5558,0.339
23,strong,7,3,Understanding,0.7989,0.704,0.0,0.4868,0.5287,0.5202,0.6642,0.5963
23,strong,8,4,Confident,0.654,0.8309,0.0337,1.0,0.5751,0.7492,1.0,0.3085
23,strong,9,4,Confident,0.8915,0.883,0.1278,0.7029,0.8554,0.6215,0.8927,0.2732
24,fast_learner,0,1,Unclear,0.1428,0.3146,0.2396,0.3387,0.212,0.5926,0.1964,0.6264
24,fast_learner,1,1,Unclear,0.3825,0.383,0.3288,0.3598,0.0971,0.4944,0.6097,0.7172
24,fast_learner,2,1,Unclear,0.3048,0.4396,0.1503,0.0981,0.3752,0.4071,0.5206,0.659
24,fast_learner,3,3,Understanding,0.5732,0.425,0.0966,0.6274,0.6491,0.8903,0.8058,0.4278
24,fast_learner,4,3,Understanding,0.7617,0.7555,0.1509,0.7678,0.5602,1.0,0.5253,0.5474
24,fast_learner,5,4,Confident,0.787,1.0,0.0239,0.9008,0.7784,0.7864,1.0,0.2192
24,fast_learner,6,4,Confident,0.7997,0.9051,0.0896,0.612,0.6631,0.7244,0.8025,0.0711
24,fast_learner,7,4,Confident,0.8071,0.9272,0.1309,0.7825,0.703,0.8182,0.7438,0.1009
24,fast_learner,8,4,Confident,0.8165,0.7337,0.0662,0.8876,0.5595,0.8033,0.8214,0.2944
24,fast_learner,9,4,Confident,0.7346,0.7238,0.0529,0.9235,0.4843,0.8449,1.0,0.2301
25,fast_learner,0,2,Struggling but Trying,0.2156,0.5943,0.2015,0.4953,0.5836,0.6167,0.3774,0.6552
25,fast_learner,1,4,Confident,0.9253,0.8821,0.0739,0.9893,0.6219,0.7929,0.9972,0.4144
25,fast_learner,2,4,Confident,0.8488,0.9858,0.1008,0.8234,0.7239,0.7501,0.8875,0.2172
25,fast_learner,3,4,Confident,0.8879,0.7822,0.1032,1.0,0.5368,0.8421,0.7512,0.3251
25,fast_learner,4,4,Confident,0.9562,0.9676,0.0692,0.9358,0.4687,1.0,0.8988,0.3901
26,inconsistent,0,3,Understanding,0.6983,0.7283,0.2285,0.4382,0.8169,0.7511,0.6235,0.2588
26,inconsistent,1,3,Understanding,0.4586,0.7648,0.0,0.6564,0.6857,0.902,0.6268,0.3598
26,inconsistent,2,4,Confident,1.0,0.9036,0.0114,0.7716,0.5619,0.8505,0.6212,0.3477
26,inconsistent,3,4,Confident,1.0,0.74,0.0397,1.0,0.893,0.7095,0.8791,0.2503
26,inconsistent,4,2,Struggling but Trying,0.3801,0.4911,0.1402,0.5662,0.804,0.7704,0.19,0.8785
26,inconsistent,5,3,Understanding,0.6274,0.6719,0.0,0.527,0.6355,0.9097,0.5669,0.5332
26,inconsistent,6,4,Confident,0.9048,0.8359,0.1373,0.7358,0.5613,0.6203,0.7809,0.0876
27,inconsistent,0,1,Unclear,0.2704,0.2372,0.3007,0.317,0.071,0.5308,0.5974,0.6411
27,inconsistent,1,2,Struggling but Trying,0.5525,0.4836,0.2419,0.2769,0.8269,0.7853,0.2684,0.7665
27,inconsistent,2,3,Understanding,0.6472,0.7606,0.0,0.7757,0.5323,0.6638,0.9,0.5966
27,inconsistent,3,1,Unclear,0.1559,0.2971,0.3573,0.3045,0.3391,0.496,0.3221,0.5125
27,inconsistent,4,2,Struggling but Trying,0.5415,0.3632,0.281,0.4516,0.7634,0.7495,0.5921,0.8159
27,inconsistent,5,2,Struggling but Trying,0.5171,0.4225,0.2423,0.5877,0.691,0.9161,0.2993,0.6695
27,inconsistent,6,1,Unclear,0.1934,0.4599,0.4129,0.5052,0.6221,0.366,0.3592,0.5471
27,inconsistent,7,2,Struggling but Trying,0.387,0.3943,0.1948,0.5327,0.604,0.9095,0.2807,1.0
27,inconsistent,8,1,Unclear,0.2189,0.3049,0.3572,0.1446,0.5547,0.6455,0.3886,0.5249
28,inconsistent,0,3,Understanding,0.7809,0.7095,0.0,0.532,0.7825,0.9077,0.7942,0.243
28,inconsistent,1,1,Unclear,0.3516,0.1842,0.3492,0.3329,0.3139,0.2592,0.3077,0.6575
28,inconsistent,2,1,Unclear,0.1937,0.3057,0.346,0.3531,0.3135,0.4467,0.362,0.4503
28,inconsistent,3,3,Understanding,0.6999,0.704,0.2161,0.4157,0.4631,0.7856,0.6491,0.4721
28,inconsistent,4,3,Understanding,0.7664,0.7933,0.1684,0.6187,0.4471,0.85,0.8088,0.5338
28,inconsistent,5,3,Understanding,0.7674,0.7861,0.2759,0.5449,0.6728,0.8471,0.6575,0.3047
29,disengaged,0,1,Unclear,0.2241,0.4978,0.2599,0.2295,0.3513,0.6143,0.1553,0.5297
29,disengaged,1,0,Not Trying,0.0533,0.0382,0.0615,0.1294,0.0,0.2301,0.2611,0.5874
29,disengaged,2,0,Not Trying,0.0,0.1331,0.2044,0.0972,0.0,0.2852,0.159,0.6836
29,disengaged,3,1,Unclear,0.279,0.3657,0.3291,0.3814,0.3055,0.5306,0.4634,0.627
29,disengaged,4,1,Unclear,0.1306,0.2436,0.1672,0.3876,0.5671,0.6853,0.1386,0.7942
29,disengaged,5,1,Unclear,0.2043,0.3601,0.1492,0.332,0.2224,0.526,0.147,0.7706
30,disengaged,0,1,Unclear,0.0344,0.3234,0.2918,0.1139,0.4044,0.4415,0.2102,0.6279
30,disengaged,1,0,Not Trying,0.1103,0.137,0.1619,0.0,0.0639,0.2192,0.2389,0.5566
30,disengaged,2,2,Struggling but Trying,0.501,0.5552,0.0083,0.6928,0.3843,0.7199,0.5333,0.7088
30,disengaged,3,2,Struggling but Trying,0.3406,0.6027,0.1078,0.6855,0.7434,0.645,0.3242,0.6178
30,disengaged,4,1,Unclear,0.3232,0.1781,0.3096,0.1964,0.5052,0.3245,0.5585,0.6957
30,disengaged,5,2,Struggling but Trying,0.3823,0.4198,0.1725,0.5614,0.6027,0.5166,0.3506,0.5156
30,disengaged,6,2,Struggling but Trying,0.3591,0.4129,0.5001,0.5568,0.7794,0.5691,0.315,0.778
30,disengaged,7,2,Struggling but Trying,0.5408,0.3797,0.2714,0.4797,0.7697,0.7167,0.3648,0.7193
31,fast_learner,0,1,Unclear,0.207,0.4297,0.3264,0.2632,0.3626,0.7206,0.1758,0.8001
31,fast_learner,1,1,Unclear,0.2717,0.5075,0.3989,0.3205,0.2827,0.504,0.3172,0.5978
31,fast_learner,2,1,Unclear,0.2698,0.2733,0.2694,0.1368,0.3969,0.5709,0.3801,0.8255
31,fast_learner,3,3,Understanding,0.7392,0.7304,0.1108,0.5863,0.9657,0.6912,0.5634,0.5064
31,fast_learner,4,3,Understanding,0.5595,0.8123,0.1106,0.5167,0.8427,0.8313,0.4856,0.681
31,fast_learner,5,3,Understanding,0.699,0.859,0.1359,0.6466,0.6208,0.8256,0.712,0.4519
31,fast_learner,6,4,Confident,0.893,0.843,0.0,0.6234,0.8178,0.4618,0.8767,0.1878
31,fast_learner,7,4,Confident,0.8307,0.9159,0.0103,0.8136,0.8384,0.7399,0.9796,0.1208
32,hardworking_struggler,0,1,Unclear,0.4416,0.2737,0.2121,0.1807,0.4293,0.5647,0.3633,0.554
32,hardworking_struggler,1,1,Unclear,0.1275,0.4659,0.6357,0.344,0.42,0.4359,0.1147,0.6216
32,hardworking_struggler,2,2,Struggling but Trying,0.3053,0.6722,0.3273,0.5956,0.7129,0.7775,0.5254,0.7458
32,hardworking_struggler,3,3,Understanding,0.6804,0.6658,0.0,0.4127,0.6686,0.7573,0.4828,0.4455
32,hardworking_struggler,4,3,Understanding,0.4844,0.6085,0.1607,0.6964,0.5616,0.7706,0.7829,0.551
32,hardworking_struggler,5,3,Understanding,0.6532,0.6371,0.1668,0.6734,0.7755,0.7671,0.7564,0.4623
33,hardworking_struggler,0,1,Unclear,0.4043,0.3757,0.1786,0.2143,0.4426,0.4636,0.2834,0.8821
33,hardworking_struggler,1,2,Struggling but Trying,0.3702,0.5211,0.339,0.6096,0.8593,0.8258,0.4636,0.7163
33,hardworking_struggler,2,3,Understanding,0.7108,0.7215,0.1973,0.7166,0.7053,0.6448,0.6588,0.4464
33,hardworking_struggler,3,2,Struggling but Trying,0.6707,0.4476,0.3422,0.6782,0.7618,1.0,0.3509,0.7921
33,hardworking_struggler,4,3,Understanding,0.6648,0.7249,0.2046,0.6883,0.8511,0.7377,0.6068,0.8015
34,inconsistent,0,1,Unclear,0.1557,0.4437,0.3136,0.3153,0.3424,0.5951,0.2399,0.5602
34,inconsistent,1,3,Understanding,0.7601,0.7333,0.0391,0.7313,0.6107,0.6822,0.5273,0.6192
34,inconsistent,2,2,Struggling but Trying,0.5105,0.6247,0.5813,0.3449,0.6614,0.7199,0.2894,0.6099
34,inconsistent,3,2,Struggling but Trying,0.3283,0.5335,0.3052,0.6077,0.8109,0.8784,0.3515,1.0
34,inconsistent,4,3,Understanding,0.5138,0.5998,0.0,0.6521,0.6854,0.6891,0.9114,0.5214
34,inconsistent,5,1,Unclear,0.1569,0.2501,0.3537,0.3208,0.1272,0.4766,0.3518,0.672
34,inconsistent,6,1,Unclear,0.196,0.3323,0.3591,0.3726,0.4797,0.4617,0.2907,0.7569
34,inconsistent,7,1,Unclear,0.2066,0.429,0.448,0.455,0.5634,0.3874,0.3518,0.7015
34,inconsistent,8,2,Struggling but Trying,0.3851,0.3514,0.3093,0.4578,0.7603,0.6968,0.257,0.7805
34,inconsistent,9,2,Struggling but Trying,0.5079,0.7186,0.3277,0.6082,0.6207,0.6327,0.6058,0.6299
35,strong,0,3,Understanding,0.6695,0.8229,0.0394,0.4828,0.8131,0.814,0.5693,0.2443
35,strong,1,2,Struggling but Trying,0.4445,0.6166,0.1963,0.5399,0.831,0.4904,0.5344,0.5963
35,strong,2,3,Understanding,0.7247,0.8085,0.1751,0.3647,0.6058,0.768,0.6247,0.5121
35,strong,3,3,Understanding,0.7608,0.6786,0.0,0.5953,0.75,0.6082,0.7321,0.5681
35,strong,4,3,Understanding,0.3936,0.5722,0.3086,0.5844,0.4619,0.9106,0.6517,0.5936
35,strong,5,3,Understanding,0.7459,0.7363,0.1897,0.9233,0.8165,0.5446,0.7081,0.5984
35,strong,6,4,Confident,0.8373,0.9665,0.1428,1.0,0.66,0.734,0.8102,0.1863
35,strong,7,4,Confident,0.6037,0.8065,0.0869,0.7408,0.9822,0.8017,1.0,0.284
35,strong,8,4,Confident,0.9079,0.9869,0.0556,0.8595,0.794,0.7625,0.9026,0.5405
36,disengaged,0,0,Not Trying,0.164,0.1512,0.0,0.112,0.0,0.3911,0.322,0.63
36,disengaged,1,1,Unclear,0.0947,0.3761,0.3466,0.241,0.3602,0.8598,0.4585,0.8364
36,disengaged,2,0,Not Trying,0.1979,0.131,0.0,0.0274,0.1574,0.0739,0.2771,0.4101
36,disengaged,3,0,Not Trying,0.1249,0.2152,0.1622,0.0455,0.0837,0.0459,0.0158,0.5195
36,disengaged,4,0,Not Trying,0.1709,0.3071,0.257,0.0,0.0177,0.2624,0.6291,0.6924
36,disengaged,5,0,Not Trying,0.0112,0.0617,0.1789,0.0,0.0314,0.1851,0.5071,0.4539
36,disengaged,6,1,Unclear,0.3004,0.2801,0.3543,0.2896,0.3172,0.6027,0.1507,0.6328
36,disengaged,7,1,Unclear,0.1886,0.1891,0.4169,0.4348,0.3446,0.2451,0.4418,0.4842
36,disengaged,8,1,Unclear,0.1613,0.234,0.3058,0.278,0.2727,0.5765,0.292,0.8274
37,inconsistent,0,2,Struggling but Trying,0.3634,0.3353,0.3291,0.5074,0.4653,0.7304,0.2829,0.9548
37,inconsistent,1,1,Unclear,0.1059,0.461,0.4857,0.2106,0.2741,0.5801,0.0475,0.458
37,inconsistent,2,2,Struggling but Trying,0.605,0.4564,0.3101,0.6861,1.0,0.725,0.3978,0.9869
37,inconsistent,3,1,Unclear,0.3528,0.2482,0.3602,0.2709,0.235,0.3722,0.3859,0.8294
37,inconsistent,4,3,Understanding,0.707,0.7571,0.0228,0.7388,0.7983,1.0,0.6011,0.3904
37,inconsistent,5,4,Confident,0.9619,0.7965,0.0097,0.8649,0.6507,0.7466,0.8616,0.3795
37,inconsistent,6,3,Understanding,0.5158,0.5083,0.0,0.4924,0.6814,0.5954,0.5586,0.3494
37,inconsistent,7,1,Unclear,0.3823,0.4162,0.3516,0.2447,0.298,0.5426,0.4259,0.582
37,inconsistent,8,2,Struggling but Trying,0.2468,0.5212,0.3762,0.5164,0.968,0.6854,0.4283,0.7453
38,disengaged,0,0,Not Trying,0.1348,0.2878,0.0998,0.1478,0.0,0.2996,0.2009,0.6418
38,disengaged,1,0,Not Trying,0.0378,0.0,0.0452,0.1978,0.1264,0.2324,0.4311,0.563
38,disengaged,2,1,Unclear,0.3419,0.5022,0.3859,0.4086,0.3131,0.4218,0.5719,0.7281
38,disengaged,3,3,Understanding,0.7124,0.6413,0.1211,0.8223,0.7666,0.5275,0.622,0.6817
38,disengaged,4,1,Unclear,0.3044,0.3286,0.17,0.5272,0.4319,0.4909,0.3017,0.8407
38,disengaged,5,0,Not Trying,0.1648,0.2042,0.1245,0.0675,0.039,0.3359,0.1875,0.2891
38,disengaged,6,0,Not Trying,0.1131,0.198,0.1408,0.0115,0.1545,0.1941,0.2367,0.4595
38,disengaged,7,1,Unclear,0.0765,0.4,0.1821,0.287,0.298,0.2289,0.4006,0.6506
39,fast_learner,0,3,Understanding,0.7359,0.7046,0.2528,0.8519,0.836,0.6276,0.6762,0.5071
39,fast_learner,1,3,Understanding,0.7469,0.9273,0.184,0.8268,0.7219,0.7405,0.6996,0.3439
39,fast_learner,2,3,Understanding,0.8266,0.8372,0.0209,0.7662,0.6896,0.7942,0.7098,0.5793
39,fast_learner,3,4,Confident,1.0,0.8809,0.1124,0.7,1.0,0.8611,0.9427,0.0409
39,fast_learner,4,4,Confident,1.0,0.8787,0.0,0.9246,0.6847,0.9835,0.8386,0.2766
39,fast_learner,5,4,Confident,0.7903,0.7507,0.0304,0.8993,0.5903,0.5832,0.9571,0.1716
39,fast_learner,6,4,Confident,0.6943,0.7821,0.0492,0.9116,0.6575,1.0,0.761,0.1612
40,fast_learner,0,2,Struggling but Trying,0.4345,0.6353,0.4466,0.452,0.7449,0.8117,0.2718,0.7428
40,fast_learner,1,3,Understanding,0.814,0.8207,0.0871,0.6243,0.7797,0.6739,0.7265,0.4386
40,fast_learner,2,4,Confident,0.7843,0.9947,0.0344,0.9968,0.6884,0.8379,1.0,0.1125
40,fast_learner,3,4,Confident,0.8963,0.9787,0.0,0.7975,0.6797,0.8349,0.7264,0.2266
40,fast_learner,4,4,Confident,0.7792,0.78,0.0153,0.6285,0.6993,0.8154,0.7981,0.2147
40,fast_learner,5,1,Unclear,0.1844,0.4191,0.4936,0.2443,0.4082,0.4688,0.3975,0.9036
40,fast_learner,6,3,Understanding,0.5227,0.7454,0.2433,0.6234,0.8195,0.6603,0.4569,0.4684
40,fast_learner,7,3,Understanding,0.676,0.8287,0.0,0.4965,0.5762,0.7418,0.6025,0.6319
40,fast_learner,8,4,Confident,0.9295,0.8646,0.0893,0.6966,0.8529,0.6554,0.9586,0.4042
40,fast_learner,9,4,Confident,0.8624,0.89,0.0,0.8363,0.7364,0.7934,0.9418,0.2403
41,inconsistent,0,1,Unclear,0.2662,0.4539,0.2414,0.3211,0.5048,0.2745,0.3734,0.6239
41,inconsistent,1,2,Struggling but Trying,0.3595,0.483,0.4841,0.3983,0.6096,0.6307,0.6246,0.6899
41,inconsistent,2,2,Struggling but Trying,0.4097,0.4056,0.2765,0.845,0.917,0.6891,0.4842,0.6419
41,inconsistent,3,1,Unclear,0.352,0.466,0.4546,0.2436,0.33,0.5975,0.4009,0.6488
41,inconsistent,4,2,Struggling but Trying,0.4614,0.6079,0.1802,0.6267,0.7898,0.8975,0.5134,0.6597
41,inconsistent,5,4,Confident,0.8266,0.9389,0.0,0.7167,0.5314,1.0,0.9573,0.3501
41,inconsistent,6,4,Confident,0.9377,0.8256,0.0336,0.7487,1.0,0.8723,0.7897,0.3105
41,inconsistent,7,3,Understanding,0.8505,0.6339,0.1701,0.7779,0.7462,0.7623,0.6514,0.4427
42,strong,0,3,Understanding,0.6891,0.6214,0.0684,0.782,0.7811,0.8228,0.6165,0.5245
42,strong,1,3,Understanding,0.674,0.797,0.2074,0.5322,0.5973,0.7641,0.8744,0.201
42,strong,2,1,Unclear,0.1124,0.2866,0.3136,0.2495,0.2859,0.5009,0.2804,0.5099
42,strong,3,3,Understanding,0.7753,0.7843,0.0,0.6859,0.7811,0.6159,0.6512,0.4349
42,strong,4,4,Confident,1.0,0.6836,0.2994,0.6902,0.8677,0.9262,0.7206,0.3141
42,strong,5,4,Confident,0.9354,0.8731,0.1696,0.809,0.7299,0.9425,0.9255,0.3451
42,strong,6,4,Confident,0.7755,0.7932,0.0,0.8943,0.8671,0.7798,1.0,0.4279
42,strong,7,3,Understanding,0.6178,0.8575,0.1139,0.6651,0.6592,0.6343,0.4591,0.5323
43,hardworking_struggler,0,1,Unclear,0.301,0.5029,0.3565,0.3687,0.1288,0.4119,0.2104,0.4536
43,hardworking_struggler,1,0,Not Trying,0.0,0.0178,0.0463,0.0,0.1076,0.2397,0.4162,0.5978
43,hardworking_struggler,2,3,Understanding,0.6998,0.7303,0.1712,0.667,0.6523,0.7068,0.5437,0.5048
43,hardworking_struggler,3,1,Unclear,0.1837,0.2838,0.229,0.4175,0.3594,0.3878,0.4551,0.6271
43,hardworking_struggler,4,2,Struggling but Trying,0.5521,0.4463,0.2591,0.5549,0.8871,0.8026,0.2441,0.8207
43,hardworking_struggler,5,3,Understanding,0.8888,0.6999,0.0,0.6929,0.9334,0.9549,0.888,0.3174
43,hardworking_struggler,6,1,Unclear,0.1778,0.3724,0.2227,0.2227,0.2689,0.6168,0.4541,0.736
44,inconsistent,0,1,Unclear,0.337,0.4678,0.4556,0.2094,0.0213,0.2703,0.5348,0.6478
44,inconsistent,1,2,Struggling but Trying,0.6143,0.6265,0.3024,0.5148,0.7341,0.8295,0.608,0.8049
44,inconsistent,2,3,Understanding,0.8169,0.583,0.1955,0.6147,0.3981,0.4733,0.5176,0.5191
44,inconsistent,3,1,Unclear,0.2684,0.5451,0.2231,0.2967,0.3865,0.4043,0.3537,0.492
44,inconsistent,4,4,Confident,0.8118,1.0,0.0468,0.9234,0.7436,0.796,0.7741,0.2655
44,inconsistent,5,3,Understanding,0.6216,0.6875,0.059,0.926,0.6892,0.9509,0.6246,0.4837
44,inconsistent,6,3,Understanding,0.6553,0.7211,0.2786,0.6766,0.866,0.8333,0.8616,0.4423
44,inconsistent,7,2,Struggling but Trying,0.4015,0.4234,0.179,0.8297,0.8483,0.7566,0.5624,0.8394
44,inconsistent,8,3,Understanding,0.5452,0.6735,0.0737,0.4132,0.8272,0.7148,0.7462,0.7568
45,inconsistent,0,1,Unclear,0.1933,0.2869,0.4557,0.3454,0.1046,0.3407,0.5452,0.7523
45,inconsistent,1,1,Unclear,0.233,0.3513,0.4236,0.137,0.2491,0.5355,0.337,0.7743
45,inconsistent,2,1,Unclear,0.2857,0.4592,0.3987,0.3167,0.3385,0.3915,0.3406,0.8638
45,inconsistent,3,2,Struggling but Trying,0.361,0.4508,0.3201,0.5052,0.8082,0.868,0.5156,0.9351
45,inconsistent,4,1,Unclear,0.1566,0.2596,0.3424,0.2459,0.2134,0.4426,0.2883,0.6127
45,inconsistent,5,0,Not Trying,0.1678,0.1699,0.3472,0.0705,0.0252,0.2005,0.3333,0.5566
45,inconsistent,6,3,Understanding,0.6155,0.7859,0.1408,0.4615,0.7925,0.9148,0.5386,0.4488
45,inconsistent,7,3,Understanding,0.5741,0.8048,0.0734,0.5169,0.7275,0.6821,0.5888,0.5461
45,inconsistent,8,4,Confident,0.7895,0.8654,0.1469,0.9486,0.6702,0.9219,0.7481,0.4874
46,strong,0,3,Understanding,0.9013,0.7591,0.0184,0.5873,0.7937,0.8868,0.6408,0.4558
46,strong,1,4,Confident,0.8932,0.7206,0.0,0.8282,0.8959,1.0,0.9513,0.2873
46,strong,2,4,Confident,0.8133,0.8347,0.0,0.6502,0.79,0.8241,0.9394,0.321
46,strong,3,4,Confident,0.9357,0.8457,0.0913,0.7129,0.7944,0.8869,0.7629,0.2567
46,strong,4,3,Understanding,0.6473,0.5875,0.2466,0.7779,0.7645,1.0,0.6254,0.8441
46,strong,5,1,Unclear,0.2755,0.3102,0.3872,0.4003,0.3363,0.731,0.3811,0.7352
46,strong,6,3,Understanding,0.7418,0.6866,0.0592,0.5568,1.0,0.7157,0.4606,0.3592
46,strong,7,3,Understanding,0.7547,0.7555,0.1877,0.5726,0.7409,0.6361,0.5694,0.3307
46,strong,8,3,Understanding,0.8064,0.7689,0.2177,0.6547,0.7932,0.521,0.7622,0.473
47,fast_learner,0,1,Unclear,0.1788,0.4065,0.419,0.1358,0.2323,0.406,0.3036,0.5229
47,fast_learner,1,1,Unclear,0.1678,0.3586,0.2319,0.2861,0.477,0.3308,0.3232,0.8332
47,fast_learner,2,3,Understanding,0.6426,0.8163,0.0894,0.7825,0.7515,0.7054,0.7124,0.4917
47,fast_learner,3,2,Struggling but Trying,0.3952,0.5041,0.2938,0.6345,0.627,0.9322,0.4606,0.5788
47,fast_learner,4,3,Understanding,0.9234,0.8002,0.2627,0.6602,0.5006,0.5103,0.6832,0.373
47,fast_learner,5,3,Understanding,0.6937,0.7616,0.0,0.5961,0.8812,0.6102,0.7631,0.387
48,inconsistent,0,1,Unclear,0.3409,0.2348,0.4614,0.1977,0.3811,0.5336,0.4131,0.7438
48,inconsistent,1,3,Understanding,0.565,0.7872,0.1386,0.7879,0.6946,0.5673,0.7756,0.4019
48,inconsistent,2,1,Unclear,0.1853,0.5144,0.2623,0.2595,0.3629,0.358,0.393,0.9095
48,inconsistent,3,3,Understanding,0.7395,0.4251,0.1161,0.6124,0.6018,0.8906,0.6076,0.4269
48,inconsistent,4,1,Unclear,0.0583,0.2368,0.4461,0.0468,0.258,0.448,0.5767,0.7999
48,inconsistent,5,2,Struggling but Trying,0.5805,0.4259,0.4009,0.3869,0.8788,0.7472,0.2663,0.7218
48,inconsistent,6,1,Unclear,0.2005,0.4054,0.2917,0.3744,0.4031,0.4921,0.2926,0.7197
48,inconsistent,7,3,Understanding,0.9062,0.7939,0.2176,1.0,0.7619,0.813,0.7415,0.3188
48,inconsistent,8,3,Understanding,0.6494,0.7648,0.1026,0.6666,0.8305,0.8622,0.629,0.3629
49,fast_learner,0,2,Struggling but Trying,0.4666,0.5779,0.391,0.5841,0.8202,0.8083,0.3124,0.716
49,fast_learner,1,2,Struggling but Trying,0.4465,0.3114,0.2603,0.5567,0.7162,0.7679,0.4634,0.6097
49,fast_learner,2,3,Understanding,0.6652,0.7764,0.2888,0.7439,0.5238,0.7198,0.6834,0.4731
49,fast_learner,3,3,Understanding,0.6083,0.7065,0.162,0.7491,0.6033,0.7051,0.2985,0.3692
49,fast_learner,4,4,Confident,0.778,0.8666,0.0444,0.5289,0.7759,0.6793,0.9131,0.0834
49,fast_learner,5,4,Confident,0.8517,0.8803,0.0625,0.7694,0.5656,0.608,0.7741,0.2489
49,fast_learner,6,2,Struggling but Trying,0.5125,0.4721,0.2035,0.5166,0.7771,0.8422,0.6442,0.663
49,fast_learner,7,0,Not Trying,0.0926,0.1477,0.0499,0.0,0.0,0.0604,0.0755,0.3966
49,fast_learner,8,1,Unclear,0.3084,0.4101,0.2596,0.2688,0.127,0.4357,0.4019,0.8072
50,inconsistent,0,3,Understanding,0.5752,0.771,0.2871,0.7092,0.6952,0.4646,0.3871,0.4668
50,inconsistent,1,3,Understanding,0.5894,0.7066,0.1315,0.7633,0.7164,0.9097,0.651,0.435
50,inconsistent,2,3,Understanding,0.6022,0.9814,0.1575,0.6957,0.763,0.994,0.753,0.2413
50,inconsistent,3,4,Confident,0.8459,0.8607,0.0,0.8631,0.6718,0.813,0.8131,0.5003
50,inconsistent,4,1,Unclear,0.2547,0.3564,0.3127,0.4327,0.3105,0.4452,0.4772,0.63
51,disengaged,0,1,Unclear,0.3221,0.4962,0.2654,0.3284,0.2368,0.4704,0.4504,0.7132
51,disengaged,1,0,Not Trying,0.0,0.0119,0.1491,0.2977,0.2235,0.0,0.4847,0.6217
51,disengaged,2,0,Not Trying,0.0197,0.2596,0.155,0.0,0.1333,0.0,0.271,0.6479
51,disengaged,3,0,Not Trying,0.0001,0.2389,0.1975,0.2072,0.1649,0.3406,0.3953,0.5345
51,disengaged,4,1,Unclear,0.2263,0.2288,0.2545,0.2662,0.379,0.6873,0.3446,0.8305
52,inconsistent,0,3,Understanding,0.6756,0.8322,0.1836,0.5071,0.7194,0.9643,0.6264,0.5082
52,inconsistent,1,3,Understanding,0.5963,0.7511,0.0,0.5749,0.8291,0.7964,0.6104,0.508
52,inconsistent,2,1,Unclear,0.2513,0.4157,0.2773,0.3048,0.3125,0.2939,0.2303,0.9039
52,inconsistent,3,2,Struggling but Trying,0.3176,0.346,0.2888,0.7373,0.7276,0.9699,0.4458,0.8113
52,inconsistent,4,4,Confident,0.9738,0.8165,0.1363,0.7023,0.7712,0.8458,0.83,0.3026
53,fast_learner,0,4,Confident,0.8039,0.9068,0.0,0.6578,0.8741,0.5785,0.9705,0.2171
53,fast_learner,1,4,Confident,0.921,0.9081,0.0,0.8861,0.7636,0.6367,0.8279,0.4296
53,fast_learner,2,4,Confident,0.9517,0.731,0.0991,0.9021,0.8371,0.902,0.8972,0.2406
53,fast_learner,3,3,Understanding,0.5102,0.734,0.1386,0.7169,0.5395,0.8339,0.9171,0.4602
53,fast_learner,4,3,Understanding,0.7309,0.9032,0.0176,0.6744,0.604,0.6789,0.6436,0.6252
53,fast_learner,5,4,Confident,0.9248,0.8123,0.2993,0.7487,0.6815,0.5693,1.0,0.3759
54,strong,0,3,Understanding,0.707,0.7806,0.0,0.8262,0.7944,0.7449,0.7339,0.3505
54,strong,1,2,Struggling but Trying,0.4037,0.3147,0.3862,0.693,0.6658,0.8453,0.3655,0.7927
54,strong,2,3,Understanding,0.6117,0.8052,0.1136,0.8927,0.7056,0.6296,0.8095,0.532
54,strong,3,4,Confident,0.9991,0.7847,0.0373,0.7794,0.5951,0.7657,1.0,0.2809
54,strong,4,4,Confident,0.7244,1.0,0.041,0.7223,0.7171,0.6079,1.0,0.1989
55,hardworking_struggler,0,2,Struggling but Trying,0.5353,0.5719,0.3623,0.5918,0.7221,1.0,0.2821,0.7506
55,hardworking_struggler,1,3,Understanding,0.7402,0.6571,0.1515,0.6297,0.5102,0.7512,0.5069,0.2245
55,hardworking_struggler,2,2,Struggling but Trying,0.4988,0.5527,0.3567,0.3181,0.5867,1.0,0.2639,0.8294
55,hardworking_struggler,3,3,Understanding,0.708,0.6367,0.1762,0.6664,0.6462,0.6135,0.6848,0.2923
55,hardworking_struggler,4,3,Understanding,0.9626,0.835,0.1918,0.6397,0.4673,0.5781,0.8168,0.3473
55,hardworking_struggler,5,2,Struggling but Trying,0.4334,0.3938,0.1773,0.5439,0.643,0.7037,0.2984,0.8179
55,hardworking_struggler,6,1,Unclear,0.2321,0.4097,0.3358,0.2666,0.4065,0.5869,0.3309,0.7105
56,hardworking_struggler,0,1,Unclear,0.2945,0.3955,0.3781,0.3055,0.4336,0.6216,0.4685,0.6869
56,hardworking_struggler,1,2,Struggling but Trying,0.4728,0.5632,0.3282,0.5796,0.6617,0.8912,0.7699,0.7013
56,hardworking_struggler,2,2,Struggling but Trying,0.4054,0.4512,0.4544,0.4692,0.6931,0.5936,0.3015,0.5279
56,hardworking_struggler,3,2,Struggling but Trying,0.73,0.4633,0.1333,0.658,0.6628,0.9689,0.3633,0.6679
56,hardworking_struggler,4,2,Struggling but Trying,0.5258,0.4773,0.2503,0.5261,0.5974,0.8516,0.1677,0.6923
56,hardworking_struggler,5,2,Struggling but Trying,0.4803,0.559,0.2935,0.6904,0.861,0.858,0.5206,0.8476
56,hardworking_struggler,6,1,Unclear,0.1156,0.392,0.4046,0.4309,0.2376,0.3822,0.4098,0.6907
56,hardworking_struggler,7,2,Struggling but Trying,0.4875,0.3148,0.2055,0.7122,0.969,0.642,0.3572,0.7555
56,hardworking_struggler,8,3,Understanding,0.6507,0.6523,0.2749,0.605,0.7867,0.558,0.6277,0.2343
57,strong,0,2,Struggling but Trying,0.3751,0.4779,0.3301,0.6679,0.435,0.6919,0.4207,0.7371
57,strong,1,2,Struggling but Trying,0.4768,0.4695,0.2473,0.5205,0.8878,0.7048,0.3918,0.7738
57,strong,2,3,Understanding,0.67,0.7959,0.2432,0.6423,0.6747,0.7072,0.6167,0.5611
57,strong,3,4,Confident,0.9035,0.7375,0.0,1.0,0.7287,0.6993,1.0,0.2866
57,strong,4,4,Confident,0.8662,0.8181,0.033,0.6341,0.7394,0.8385,1.0,0.2612
57,strong,5,4,Confident,0.8706,1.0,0.1366,0.7027,0.8209,0.7035,0.674,0.2047
57,strong,6,4,Confident,0.6928,0.7351,0.051,0.751,0.7974,0.6421,0.9428,0.0961
58,disengaged,0,3,Understanding,0.7417,0.8664,0.1515,0.7175,0.7021,0.6166,0.5863,0.2925
58,disengaged,1,0,Not Trying,0.0902,0.0377,0.132,0.0,0.0956,0.1365,0.4829,0.5421
58,disengaged,2,0,Not Trying,0.0,0.1556,0.0019,0.0004,0.0285,0.1056,0.142,0.3162
58,disengaged,3,0,Not Trying,0.0,0.2127,0.0,0.0,0.2749,0.1173,0.3417,0.5835
58,disengaged,4,0,Not Trying,0.0,0.1269,0.0,0.3436,0.0,0.0638,0.1647,0.3054
58,disengaged,5,1,Unclear,0.4922,0.3024,0.218,0.0316,0.3207,0.4589,0.2653,0.7288
59,strong,0,3,Understanding,0.7666,0.7013,0.2088,0.7448,0.5294,0.5636,0.5518,0.3127
59,strong,1,4,Confident,0.9151,0.9599,0.0896,0.825,0.894,0.8611,0.8589,0.4425
59,strong,2,4,Confident,0.8496,0.7662,0.1203,0.9484,0.7439,0.97,0.5939,0.2428
59,strong,3,3,Understanding,0.6273,0.9384,0.1134,0.6011,0.7031,0.4896,0.5512,0.5778
59,strong,4,4,Confident,0.7971,0.981,0.184,0.862,0.6954,0.7689,0.7455,0.1207
59,strong,5,4,Confident,0.8182,0.7465,0.0,0.8263,0.7782,1.0,0.7631,0.2885
59,strong,6,4,Confident,0.8546,0.9244,0.1275,0.8393,0.7193,0.7535,0.6722,0.1452
59,strong,7,4,Confident,0.7676,0.894,0.1697,0.691,0.784,0.6656,0.8104,0.1603
60,fast_learner,0,1,Unclear,0.2254,0.285,0.2247,0.3304,0.4574,0.5355,0.641,0.8859
60,fast_learner,1,3,Understanding,0.6682,0.747,0.0362,0.79,0.7434,0.7833,0.7393,0.674
60,fast_learner,2,4,Confident,0.8687,1.0,0.1468,0.7615,0.7506,0.8254,0.897,0.0736
60,fast_learner,3,4,Confident,0.7913,0.7535,0.0,0.8762,0.7297,0.8255,0.6908,0.19
60,fast_learner,4,4,Confident,0.9395,0.7775,0.0662,1.0,0.7479,0.7099,0.8274,0.262
61,disengaged,0,1,Unclear,0.2351,0.3335,0.2934,0.2788,0.3573,0.6156,0.3371,0.7519
61,disengaged,1,1,Unclear,0.3072,0.3876,0.4366,0.3856,0.4206,0.4872,0.3818,0.8383
61,disengaged,2,1,Unclear,0.1872,0.3681,0.3915,0.2011,0.341,0.4878,0.062,0.6715
61,disengaged,3,1,Unclear,0.234,0.4916,0.2284,0.201,0.0365,0.4375,0.2986,0.6337
61,disengaged,4,1,Unclear,0.3361,0.3578,0.3129,0.4231,0.3476,0.3936,0.1269,0.6426
62,fast_learner,0,1,Unclear,0.1735,0.2315,0.4052,0.0882,0.416,0.6063,0.4067,0.6714
62,fast_learner,1,1,Unclear,0.2671,0.2722,0.535,0.2578,0.4431,0.1856,0.5159,0.8909
62,fast_learner,2,3,Understanding,0.7559,0.7559,0.0557,0.7157,0.603,0.6709,0.7965,0.5767
62,fast_learner,3,4,Confident,0.8066,0.7854,0.1233,0.68,0.7928,0.8971,0.8385,0.3813
62,fast_learner,4,3,Understanding,0.6786,0.6023,0.2217,0.558,0.742,0.7407,0.5131,0.3708
62,fast_learner,5,4,Confident,0.9002,0.7491,0.0805,0.7825,1.0,0.8371,0.8005,0.4346
62,fast_learner,6,4,Confident,0.8894,1.0,0.0384,0.592,0.7025,0.9891,0.8989,0.1409
62,fast_learner,7,3,Understanding,0.644,0.7361,0.2538,0.7763,0.7547,0.5769,0.4774,0.5193
62,fast_learner,8,4,Confident,0.8574,0.8804,0.0,0.6771,0.7387,0.8655,0.988,0.3289
62,fast_learner,9,4,Confident,0.8054,0.7429,0.0,0.8492,0.7904,0.527,0.7479,0.4066
63,hardworking_struggler,0,1,Unclear,0.2884,0.39,0.3132,0.2127,0.6046,0.6304,0.4569,0.7749
63,hardworking_struggler,1,1,Unclear,0.3778,0.2657,0.3783,0.1033,0.1051,0.5414,0.2448,0.4414
63,hardworking_struggler,2,2,Struggling but Trying,0.662,0.639,0.2743,0.5511,0.8565,0.9459,0.3553,0.7544
63,hardworking_struggler,3,2,Struggling but Trying,0.5054,0.4867,0.288,0.7156,0.8951,0.8621,0.6235,0.6998
63,hardworking_struggler,4,3,Understanding,0.7543,1.0,0.0008,0.5673,0.7503,0.8016,0.9035,0.3631
64,fast_learner,0,3,Understanding,0.6039,0.8408,0.2429,0.722,0.7245,0.7794,0.6398,0.5333
64,fast_learner,1,3,Understanding,0.6151,0.5951,0.0448,0.6767,0.6968,0.778,0.7151,0.3684
64,fast_learner,2,2,Struggling but Trying,0.4232,0.4567,0.3482,0.3296,0.6551,0.9275,0.1741,0.8953
64,fast_learner,3,2,Struggling but Trying,0.4131,0.5292,0.4119,0.494,0.8541,0.7128,0.3379,0.6461
64,fast_learner,4,2,Struggling but Trying,0.5658,0.4816,0.1729,0.4201,0.7974,1.0,0.4512,0.6997
64,fast_learner,5,1,Unclear,0.2261,0.3122,0.2542,0.469,0.0453,0.6037,0.2897,0.6467
64,fast_learner,6,3,Understanding,0.6286,0.632,0.107,0.6997,0.647,0.5454,0.5375,0.6166
64,fast_learner,7,4,Confident,0.9251,0.8239,0.0,1.0,0.7274,0.7424,0.9925,0.1561
65,hardworking_struggler,0,1,Unclear,0.4592,0.3836,0.1122,0.3392,0.3545,0.5056,0.382,0.6963
65,hardworking_struggler,1,2,Struggling but Trying,0.5113,0.4458,0.2052,0.9129,0.6641,0.813,0.2056,0.7651
65,hardworking_struggler,2,2,Struggling but Trying,0.4058,0.6045,0.3472,0.6182,0.5375,1.0,0.2451,0.9487
65,hardworking_struggler,3,2,Struggling but Trying,0.5077,0.4145,0.3152,0.4935,0.7535,0.7675,0.135,0.8958
65,hardworking_struggler,4,2,Struggling but Trying,0.4015,0.444,0.3358,0.4427,0.4794,0.8529,0.4675,0.724
65,hardworking_struggler,5,2,Struggling but Trying,0.4589,0.3535,0.1973,0.4599,0.8513,0.7529,0.3418,1.0
65,hardworking_struggler,6,2,Struggling but Trying,0.4839,0.463,0.2404,0.2876,0.8662,0.8583,0.3767,0.7322
66,disengaged,0,1,Unclear,0.1364,0.5272,0.4376,0.0357,0.1683,0.4828,0.2886,0.5278
66,disengaged,1,2,Struggling but Trying,0.4813,0.5475,0.2308,0.6367,0.7043,0.7632,0.4794,0.5382
66,disengaged,2,0,Not Trying,0.0682,0.2781,0.0,0.0,0.0,0.2325,0.3086,0.4396
66,disengaged,3,1,Unclear,0.1233,0.3452,0.3034,0.2177,0.5357,0.4893,0.5151,0.6307
66,disengaged,4,1,Unclear,0.2445,0.1802,0.4928,0.2838,0.4396,0.4022,0.3286,0.5873
66,disengaged,5,0,Not Trying,0.0811,0.1867,0.2358,0.1888,0.1518,0.0152,0.2096,0.3695
66,disengaged,6,0,Not Trying,0.0671,0.0109,0.0811,0.0,0.0536,0.0,0.3687,0.5491
66,disengaged,7,0,Not Trying,0.1348,0.1077,0.1818,0.0,0.0,0.2433,0.0194,0.4952
66,disengaged,8,1,Unclear,0.2601,0.2422,0.3924,0.3023,0.518,0.5009,0.2501,0.6679
66,disengaged,9,1,Unclear,0.2906,0.409,0.5969,0.2254,0.3179,0.4252,0.3776,0.7496
67,fast_learner,0,2,Struggling but Trying,0.5038,0.4988,0.2685,0.8412,0.652,0.8387,0.3025,0.9821
67,fast_learner,1,3,Understanding,0.6322,0.7513,0.1458,0.588,0.791,0.8006,0.678,0.4446
67,fast_learner,2,4,Confident,0.9029,0.8559,0.0,1.0,0.6239,0.8556,0.8084,0.4787
67,fast_learner,3,4,Confident,0.8065,0.753,0.0823,0.6352,0.6926,0.5202,0.8813,0.185
67,fast_learner,4,4,Confident,0.9886,0.7192,0.1297,0.7159,0.9422,0.8974,0.719,0.1308
67,fast_learner,5,4,Confident,0.8538,0.8331,0.1772,0.7102,0.761,0.9241,0.9552,0.2293
67,fast_learner,6,4,Confident,0.7061,0.7444,0.0818,0.7835,0.759,0.9351,0.6956,0.2193
67,fast_learner,7,4,Confident,0.8096,0.9931,0.1409,0.8348,0.9653,0.6051,0.849,0.2976
68,hardworking_struggler,0,3,Understanding,0.7691,0.8058,0.1472,0.4277,0.584,0.8234,0.6528,0.0998
68,hardworking_struggler,1,4,Confident,0.8937,0.7681,0.1495,0.7187,0.6674,0.8466,1.0,0.4611
68,hardworking_struggler,2,4,Confident,0.9262,0.9291,0.0,0.8773,0.6619,0.8414,0.8204,0.3152
68,hardworking_struggler,3,2,Struggling but Trying,0.1427,0.5179,0.3642,0.6035,0.7377,1.0,0.4405,0.8069
68,hardworking_struggler,4,3,Understanding,0.7363,0.6102,0.0,0.5927,0.7913,0.7041,0.7542,0.4693
68,hardworking_struggler,5,3,Understanding,0.6705,0.7468,0.1706,0.8302,0.4952,0.6904,0.7603,0.651
68,hardworking_struggler,6,3,Understanding,0.6707,0.7757,0.2069,0.6068,0.7396,0.9035,0.8958,0.5465
68,hardworking_struggler,7,3,Understanding,0.6946,0.7557,0.1084,0.6728,0.5731,0.9186,0.5018,0.3938
69,inconsistent,0,1,Unclear,0.1949,0.5159,0.0688,0.1797,0.6778,0.5768,0.2062,0.6946
69,inconsistent,1,2,Struggling but Trying,0.5346,0.684,0.3389,0.4852,0.8445,0.7092,0.2657,0.5212
69,inconsistent,2,3,Understanding,0.6104,0.5822,0.1513,0.5061,0.3228,0.6143,0.5887,0.3713
69,inconsistent,3,4,Confident,0.8186,0.9381,0.0481,0.7949,0.6498,0.7924,0.7505,0.2721
69,inconsistent,4,3,Understanding,0.6055,0.7992,0.1627,0.5962,0.7175,0.7391,0.5372,0.4592
69,inconsistent,5,1,Unclear,0.1555,0.1877,0.3141,0.368,0.2666,0.8277,0.4651,0.8696
69,inconsistent,6,3,Understanding,0.8853,0.6213,0.0,0.5965,0.767,0.7697,0.6858,0.6217
69,inconsistent,7,2,Struggling but Trying,0.5299,0.406,0.1905,0.7437,0.7621,0.719,0.3192,0.6656
69,inconsistent,8,2,Struggling but Trying,0.3217,0.35,0.2805,0.4788,0.8829,0.8381,0.4345,0.6534
70,strong,0,3,Understanding,0.6906,0.8079,0.1208,0.7451,0.6412,0.5144,0.6849,0.5443
70,strong,1,4,Confident,0.9222,0.8151,0.0,0.8662,0.8012,0.7271,0.9942,0.1352
70,strong,2,4,Confident,1.0,0.9369,0.0142,0.8345,0.7686,0.4431,0.7322,0.2434
70,strong,3,4,Confident,0.9047,0.9629,0.0178,0.6731,0.789,0.7575,0.8297,0.2121
70,strong,4,4,Confident,0.6559,0.8112,0.0496,0.7063,0.858,0.9057,0.8438,0.2148
70,strong,5,4,Confident,0.8695,0.8422,0.0312,0.8303,0.8404,0.6401,0.7134,0.0227
70,strong,6,4,Confident,0.905,0.9005,0.0,1.0,0.6769,0.8219,0.9611,0.1217
71,hardworking_struggler,0,1,Unclear,0.4106,0.4706,0.3868,0.1813,0.4772,0.3052,0.5581,0.726
71,hardworking_struggler,1,4,Confident,1.0,0.8159,0.1154,0.7716,0.8358,0.6895,0.6802,0.2407
71,hardworking_struggler,2,4,Confident,0.8452,0.9727,0.0,0.8376,0.7582,0.5976,0.6785,0.2515
71,hardworking_struggler,3,2,Struggling but Trying,0.5079,0.3274,0.0,0.638,0.7385,0.9484,0.2855,0.7955
71,hardworking_struggler,4,3,Understanding,0.7451,0.6553,0.0774,0.653,0.7651,0.7481,0.7766,0.3899
71,hardworking_struggler,5,2,Struggling but Trying,0.6477,0.4395,0.2432,0.5421,0.7581,0.7497,0.3977,0.7448
71,hardworking_struggler,6,2,Struggling but Trying,0.2143,0.6881,0.2853,0.6197,0.5846,0.7388,0.3126,0.9411
71,hardworking_struggler,7,2,Struggling but Trying,0.5258,0.435,0.2547,0.5205,0.9041,0.5543,0.229,0.4969
71,hardworking_struggler,8,4,Confident,0.7988,0.6886,0.0,0.5582,0.6278,0.9561,0.9025,0.2744
71,hardworking_struggler,9,3,Understanding,0.5464,0.5861,0.1157,0.7542,0.8083,0.832,0.5541,0.4532
72,hardworking_struggler,0,2,Struggling but Trying,0.2738,0.4765,0.4212,0.3741,0.6728,0.7312,0.371,0.5425
72,hardworking_struggler,1,2,Struggling but Trying,0.5166,0.5508,0.213,0.5604,0.6421,0.7568,0.68,0.7624
72,hardworking_struggler,2,3,Understanding,0.718,0.5648,0.0001,0.5251,0.6467,0.8718,0.7252,0.518
72,hardworking_struggler,3,2,Struggling but Trying,0.3959,0.5272,0.2372,0.5166,0.803,0.7547,0.4294,0.9571
72,hardworking_struggler,4,2,Struggling but Trying,0.5679,0.5559,0.1533,0.4177,0.65,0.6889,0.3883,0.8299
72,hardworking_struggler,5,2,Struggling but Trying,0.4808,0.4554,0.0918,0.5585,0.7531,0.8238,0.6738,0.9113
72,hardworking_struggler,6,2,Struggling but Trying,0.3538,0.4487,0.2905,0.457,0.8101,0.8464,0.2585,0.9056
73,fast_learner,0,3,Understanding,0.7973,0.6663,0.2028,0.6725,0.5422,0.566,0.7959,0.6055
73,fast_learner,1,3,Understanding,0.8496,0.8057,0.1884,0.5406,0.9078,0.8197,0.5998,0.3631
73,fast_learner,2,3,Understanding,0.5329,0.77,0.0246,0.6945,0.6374,0.7156,0.5516,0.429
73,fast_learner,3,4,Confident,1.0,0.8854,0.0475,0.9013,0.8856,0.6921,0.8399,0.0131
73,fast_learner,4,4,Confident,1.0,0.858,0.0,0.8731,0.6415,0.7138,0.9315,0.2831
73,fast_learner,5,4,Confident,0.815,0.8626,0.0091,0.6669,0.7101,0.8441,0.8268,0.0662
73,fast_learner,6,4,Confident,0.6061,0.8054,0.0,0.8178,0.8174,0.9465,0.7574,0.3263
73,fast_learner,7,2,Struggling but Trying,0.2788,0.6901,0.1561,0.6003,0.7968,0.8358,0.3357,0.8575
74,inconsistent,0,3,Understanding,0.6323,0.7429,0.2277,0.6088,0.7937,0.7565,0.5339,0.4165
74,inconsistent,1,2,Struggling but Trying,0.3803,0.5428,0.3235,0.3591,0.5518,0.8552,0.294,0.7893
74,inconsistent,2,1,Unclear,0.1229,0.2088,0.5174,0.3422,0.2997,0.3786,0.2836,0.5452
74,inconsistent,3,2,Struggling but Trying,0.3723,0.6094,0.2599,0.4248,0.6988,0.4589,0.3843,0.7279
74,inconsistent,4,3,Understanding,0.5114,0.8162,0.2021,0.8002,0.6937,0.8818,0.4587,0.5427
74,inconsistent,5,2,Struggling but Trying,0.2849,0.3876,0.3006,0.4511,0.7951,0.5649,0.1235,0.9284
74,inconsistent,6,1,Unclear,0.1491,0.2451,0.3497,0.4223,0.4003,0.5193,0.4924,0.605
74,inconsistent,7,0,Not Trying,0.0482,0.1227,0.061,0.0587,0.0641,0.0637,0.4042,0.3731
74,inconsistent,8,0,Not Trying,0.0205,0.1858,0.0,0.1569,0.0,0.3586,0.2378,0.4937
74,inconsistent,9,3,Understanding,0.6723,0.8239,0.1239,0.6999,0.7084,0.8602,0.5609,0.3221
75,fast_learner,0,3,Understanding,0.8305,0.6024,0.0466,0.4777,0.9436,0.7896,0.7124,0.2758
75,fast_learner,1,3,Understanding,0.7509,0.6747,0.2276,0.9274,0.5864,0.6171,0.5359,0.6588
75,fast_learner,2,3,Understanding,0.6864,0.7037,0.0383,0.7568,0.6544,0.7162,0.7291,0.4256
75,fast_learner,3,4,Confident,0.8811,0.9295,0.2146,0.8703,0.8464,0.774,0.758,0.335
75,fast_learner,4,4,Confident,0.7377,0.8172,0.0417,0.7387,0.9278,0.8624,1.0,0.2842
75,fast_learner,5,4,Confident,0.7863,0.8512,0.0513,0.6359,0.6853,0.758,0.9038,0.31
75,fast_learner,6,4,Confident,0.9269,0.8318,0.0,0.7418,0.8795,0.5814,0.8646,0.4561
75,fast_learner,7,4,Confident,0.8802,0.7196,0.2127,0.79,0.7556,0.9761,0.936,0.1362
75,fast_learner,8,4,Confident,0.9295,0.7876,0.0,0.7936,0.5724,1.0,0.873,0.1323
75,fast_learner,9,4,Confident,0.6911,0.7401,0.1516,1.0,0.8372,0.788,0.7938,0.1257
76,hardworking_struggler,0,1,Unclear,0.3894,0.1759,0.2834,0.2197,0.3404,0.4922,0.7395,0.56
76,hardworking_struggler,1,1,Unclear,0.3117,0.3498,0.361,0.1746,0.3628,0.5665,0.3926,0.7741
76,hardworking_struggler,2,1,Unclear,0.3437,0.3571,0.2328,0.228,0.3236,0.5328,0.2878,0.5784
76,hardworking_struggler,3,2,Struggling but Trying,0.2849,0.4765,0.153,0.4299,0.7027,0.6263,0.4494,0.8462
76,hardworking_struggler,4,2,Struggling but Trying,0.4063,0.5537,0.2286,0.4561,0.8936,0.9149,0.4782,0.8703
77,inconsistent,0,1,Unclear,0.2887,0.3549,0.3225,0.3441,0.3126,0.6128,0.1438,0.6296
77,inconsistent,1,2,Struggling but Trying,0.3874,0.4761,0.2117,0.5903,0.6616,0.7759,0.5104,0.6592
77,inconsistent,2,3,Understanding,0.7822,0.8055,0.1341,1.0,0.8265,0.7922,0.5361,0.4374
77,inconsistent,3,3,Understanding,0.871,0.8478,0.1985,0.4993,0.7585,0.5886,0.4566,0.4811
77,inconsistent,4,1,Unclear,0.3403,0.3997,0.4032,0.1818,0.3374,0.3041,0.0896,0.7963
78,hardworking_struggler,0,1,Unclear,0.1881,0.409,0.2839,0.0785,0.3648,0.4388,0.2928,0.9568
78,hardworking_struggler,1,1,Unclear,0.2883,0.2505,0.4408,0.3358,0.3955,0.3772,0.2505,0.8205
78,hardworking_struggler,2,2,Struggling but Trying,0.498,0.4103,0.3339,0.8413,0.7623,0.99,0.3038,0.7445
78,hardworking_struggler,3,3,Understanding,0.7397,0.6234,0.039,0.7686,0.843,0.9466,0.8845,0.4675
78,hardworking_struggler,4,3,Understanding,0.8351,0.7713,0.0218,0.526,0.759,0.727,0.6466,0.5894
78,hardworking_struggler,5,3,Understanding,0.833,0.5068,0.1453,0.7334,0.5168,0.6649,0.5407,0.4528
78,hardworking_struggler,6,3,Understanding,0.9023,0.6186,0.1727,0.7171,0.7465,0.8019,0.6895,0.6694
78,hardworking_struggler,7,3,Understanding,0.594,0.7796,0.2092,0.6878,0.8358,0.7744,0.6761,0.4658
79,inconsistent,0,3,Understanding,0.8434,0.7504,0.117,0.5822,0.7355,0.8789,0.5425,0.4494
79,inconsistent,1,2,Struggling but Trying,0.2564,0.4942,0.2571,0.5339,0.6898,0.8179,0.6501,0.7079
79,inconsistent,2,3,Understanding,0.8995,0.645,0.3015,0.6506,0.9138,0.8475,0.6899,0.4415
79,inconsistent,3,1,Unclear,0.2576,0.4397,0.3487,0.262,0.3199,0.629,0.5093,0.6133
79,inconsistent,4,2,Struggling but Trying,0.4879,0.6528,0.4146,0.3998,0.7183,0.679,0.3652,0.9586
79,inconsistent,5,2,Struggling but Trying,0.2881,0.4171,0.3287,0.6245,0.8025,0.9528,0.1708,0.9045
79,inconsistent,6,2,Struggling but Trying,0.5231,0.3677,0.3005,0.5784,0.8887,0.5939,0.404,0.6089
79,inconsistent,7,2,Struggling but Trying,0.5277,0.6287,0.2465,0.6613,0.9133,0.5864,0.4796,0.8746
80,fast_learner,0,1,Unclear,0.13,0.3322,0.346,0.3859,0.2748,0.411,0.3629,0.8308
80,fast_learner,1,2,Struggling but Trying,0.2993,0.5315,0.1913,0.6723,0.6374,0.7123,0.3234,0.7401
80,fast_learner,2,2,Struggling but Trying,0.4984,0.4994,0.167,0.6373,0.7436,0.951,0.308,0.5417
80,fast_learner,3,3,Understanding,0.8296,0.7161,0.1,0.5456,0.9109,0.6162,0.5557,0.5241
80,fast_learner,4,3,Understanding,0.8275,0.7624,0.2099,0.717,0.6807,0.6118,0.6318,0.3232
81,disengaged,0,0,Not Trying,0.1425,0.1203,0.0522,0.1068,0.0136,0.235,0.162,0.3854
81,disengaged,1,1,Unclear,0.3387,0.2514,0.4171,0.2361,0.352,0.6842,0.455,0.8035
81,disengaged,2,1,Unclear,0.1796,0.2514,0.2778,0.2695,0.0675,0.473,0.2792,0.8019
81,disengaged,3,2,Struggling but Trying,0.3899,0.559,0.3723,0.4578,0.6908,0.5107,0.2582,0.6535
81,disengaged,4,1,Unclear,0.1555,0.2987,0.2275,0.3205,0.4011,0.5523,0.3516,0.4997
81,disengaged,5,0,Not Trying,0.0093,0.1097,0.1075,0.2211,0.1575,0.0716,0.3882,0.5832
81,disengaged,6,2,Struggling but Trying,0.5349,0.484,0.159,0.6046,0.776,0.7704,0.3951,0.6565
81,disengaged,7,2,Struggling but Trying,0.4457,0.5166,0.3357,0.4114,0.6427,0.5127,0.4734,0.5924
82,strong,0,3,Understanding,0.5796,0.6935,0.287,0.8557,0.8185,0.7939,0.5193,0.5434
82,strong,1,1,Unclear,0.3061,0.2867,0.3327,0.3197,0.3796,0.5642,0.2747,0.5254
82,strong,2,3,Understanding,0.7412,0.9489,0.1647,0.4911,0.6072,0.8162,0.8243,0.2923
82,strong,3,4,Confident,0.8996,0.9365,0.0156,0.6123,0.8245,0.9462,0.8393,0.3027
82,strong,4,4,Confident,0.7954,0.9526,0.0887,0.8588,0.9303,0.6629,0.7782,0.2705
82,strong,5,3,Understanding,0.7783,0.6813,0.0207,0.6579,0.7204,0.8715,0.7011,0.5099
82,strong,6,3,Understanding,0.6812,0.6284,0.1489,0.61,0.9028,0.9245,0.7323,0.4992
83,inconsistent,0,3,Understanding,0.7229,0.747,0.2121,0.5669,0.618,0.9386,0.7502,0.3992
83,inconsistent,1,2,Struggling but Trying,0.4397,0.5032,0.3473,0.8542,0.7728,0.8861,0.1808,0.687
83,inconsistent,2,1,Unclear,0.2902,0.0,0.4174,0.5302,0.1105,0.6975,0.0,0.8219
83,inconsistent,3,3,Understanding,0.465,0.7446,0.2351,0.6937,0.7702,0.6965,0.408,0.5399
83,inconsistent,4,4,Confident,0.993,0.6512,0.0,0.6985,0.5588,0.8057,0.9011,0.0641
84,strong,0,3,Understanding,0.6827,0.505,0.0868,0.6509,0.7202,0.7993,0.6818,0.4156
84,strong,1,3,Understanding,0.8002,0.6905,0.1518,0.6277,0.6224,0.818,0.5778,0.5002
84,strong,2,4,Confident,0.8496,0.8172,0.0,0.6025,0.7959,0.8301,0.9605,0.1809
84,strong,3,4,Confident,0.842,0.7625,0.0,0.5919,0.9339,0.9782,0.9281,0.1335
84,strong,4,4,Confident,0.8448,0.8231,0.1937,0.8791,1.0,0.8323,0.7984,0.1705
84,strong,5,4,Confident,0.8521,0.9645,0.1099,0.8024,0.6306,0.8295,0.9817,0.306
84,strong,6,4,Confident,0.8003,0.9367,0.0,0.8459,1.0,0.6039,0.8186,0.249
84,strong,7,3,Understanding,0.8036,0.7472,0.1352,0.7457,0.702,1.0,0.6697,0.4754
85,inconsistent,0,3,Understanding,0.4842,0.7032,0.2571,0.6551,0.6597,0.5084,0.7088,0.536
85,inconsistent,1,2,Struggling but Trying,0.5635,0.5766,0.4132,0.62,0.8284,0.8677,0.5129,0.5136
85,inconsistent,2,2,Struggling but Trying,0.3764,0.487,0.3388,0.589,0.8841,0.9493,0.2866,0.781
85,inconsistent,3,3,Understanding,0.6812,0.7322,0.0,0.9393,0.768,0.6726,0.9006,0.4048
85,inconsistent,4,1,Unclear,0.2013,0.5152,0.3395,0.3179,0.4945,0.5761,0.3429,0.8444
85,inconsistent,5,1,Unclear,0.2817,0.3617,0.3671,0.4573,0.2781,0.4638,0.1501,0.5461
85,inconsistent,6,2,Struggling but Trying,0.4444,0.6769,0.3536,0.4406,0.6626,0.9787,0.5465,0.7537
85,inconsistent,7,1,Unclear,0.3625,0.2507,0.3892,0.5727,0.3746,0.3992,0.4033,0.6389
86,inconsistent,0,2,Struggling but Trying,0.4189,0.4623,0.2038,0.532,0.6825,0.6686,0.646,0.8106
86,inconsistent,1,2,Struggling but Trying,0.5383,0.5771,0.2587,0.5827,0.7177,0.857,0.4444,0.7003
86,inconsistent,2,2,Struggling but Trying,0.4646,0.4796,0.111,0.6109,0.8658,1.0,0.3491,0.68
86,inconsistent,3,2,Struggling but Trying,0.4709,0.5202,0.2189,0.529,0.5126,0.9204,0.2998,0.7455
86,inconsistent,4,2,Struggling but Trying,0.3918,0.472,0.2989,0.6076,0.9227,0.8953,0.5251,0.938
86,inconsistent,5,1,Unclear,0.2463,0.4509,0.4573,0.3778,0.1754,0.3906,0.3143,0.8014
87,disengaged,0,1,Unclear,0.3706,0.2463,0.3983,0.2271,0.1521,0.4626,0.5222,0.7599
87,disengaged,1,2,Struggling but Trying,0.4677,0.7448,0.3178,0.5527,0.5965,0.9444,0.3347,0.6659
87,disengaged,2,2,Struggling but Trying,0.5658,0.6132,0.2638,0.5439,0.7428,0.9017,0.602,0.7979
87,disengaged,3,0,Not Trying,0.1397,0.1265,0.1829,0.2547,0.2998,0.3543,0.3033,0.4718
87,disengaged,4,0,Not Trying,0.2174,0.1934,0.1455,0.0562,0.0207,0.1789,0.3176,0.7234
87,disengaged,5,0,Not Trying,0.0553,0.0635,0.1717,0.214,0.2549,0.2264,0.3747,0.48
87,disengaged,6,0,Not Trying,0.0814,0.1558,0.1138,0.1042,0.0247,0.1685,0.522,0.8524
87,disengaged,7,0,Not Trying,0.0,0.0543,0.0897,0.1575,0.131,0.2224,0.3688,0.41
87,disengaged,8,0,Not Trying,0.048,0.0,0.0,0.0,0.1517,0.2319,0.3794,0.2608
87,disengaged,9,0,Not Trying,0.1163,0.0,0.2225,0.0,0.1612,0.0845,0.4364,0.9171
88,strong,0,3,Understanding,0.6384,0.7427,0.0993,0.6656,0.5906,0.8515,0.4617,0.6114
88,strong,1,3,Understanding,0.5597,0.8595,0.1133,0.8789,0.8466,0.6462,0.639,0.4657
88,strong,2,4,Confident,0.9238,0.8676,0.03,0.7939,0.9066,0.8005,0.7987,0.1766
88,strong,3,4,Confident,0.7398,0.775,0.1998,0.7752,0.8345,0.4778,0.9239,0.229
88,strong,4,4,Confident,0.8981,0.8004,0.0,0.9107,0.7792,0.7592,0.7244,0.0589
88,strong,5,4,Confident,1.0,0.8703,0.0,0.827,0.7436,0.9123,0.9289,0.0
88,strong,6,4,Confident,0.7797,0.7078,0.0312,0.8493,0.5531,0.8916,0.9492,0.2561
88,strong,7,4,Confident,0.7821,0.9526,0.0,0.9277,0.7302,0.7875,0.6279,0.2309
88,strong,8,4,Confident,0.7464,0.8999,0.0589,0.7227,0.8526,0.5137,0.8951,0.4605
89,hardworking_struggler,0,1,Unclear,0.2197,0.4044,0.2693,0.3909,0.606,0.492,0.1752,0.5252
89,hardworking_struggler,1,2,Struggling but Trying,0.444,0.5877,0.2466,0.6497,0.731,0.7048,0.3479,0.5944
89,hardworking_struggler,2,4,Confident,0.8704,0.9145,0.0,0.6738,0.7219,0.9432,0.7823,0.1368
89,hardworking_struggler,3,1,Unclear,0.2999,0.5143,0.3854,0.3773,0.4363,0.3501,0.2248,0.5591
89,hardworking_struggler,4,1,Unclear,0.3295,0.379,0.3579,0.0,0.5967,0.3837,0.6167,0.5116
90,disengaged,0,1,Unclear,0.1399,0.2427,0.2127,0.3933,0.4354,0.7356,0.2609,0.7284
90,disengaged,1,0,Not Trying,0.0165,0.0981,0.1464,0.172,0.1789,0.0904,0.4298,0.4943
90,disengaged,2,1,Unclear,0.1791,0.294,0.5242,0.3369,0.371,0.4659,0.668,0.8697
90,disengaged,3,0,Not Trying,0.0226,0.1286,0.1146,0.0,0.1127,0.3888,0.1292,0.3533
90,disengaged,4,0,Not Trying,0.0063,0.3498,0.2002,0.1633,0.0283,0.1628,0.1113,0.6016
91,inconsistent,0,3,Understanding,0.6858,0.717,0.2092,0.4736,0.7883,0.7473,0.5124,0.179
91,inconsistent,1,4,Confident,1.0,1.0,0.0855,1.0,0.7448,0.9239,0.7913,0.1831
91,inconsistent,2,2,Struggling but Trying,0.2439,0.6287,0.2358,0.4538,0.6084,0.7734,0.6293,1.0
91,inconsistent,3,3,Understanding,0.6646,0.5966,0.2188,0.6844,0.6236,0.7594,0.5879,0.6599
91,inconsistent,4,2,Struggling but Trying,0.517,0.2333,0.2933,0.8,0.9091,0.5599,0.3593,0.5938
91,inconsistent,5,2,Struggling but Trying,0.4744,0.4232,0.3034,0.2371,0.6198,0.8047,0.5099,0.4976
91,inconsistent,6,1,Unclear,0.351,0.2049,0.3729,0.3079,0.5557,0.4701,0.3277,0.8111
92,disengaged,0,1,Unclear,0.2279,0.3044,0.3361,0.4018,0.4165,0.4027,0.3678,0.8938
92,disengaged,1,1,Unclear,0.2645,0.3307,0.3437,0.1043,0.5193,0.3993,0.4834,0.6192
92,disengaged,2,1,Unclear,0.2378,0.2874,0.4713,0.4193,0.375,0.5989,0.3125,0.6989
92,disengaged,3,0,Not Trying,0.1404,0.0807,0.2485,0.0121,0.0625,0.2986,0.3031,0.4613
92,disengaged,4,0,Not Trying,0.1394,0.0837,0.0874,0.0512,0.1638,0.187,0.5351,0.4796
93,fast_learner,0,3,Understanding,0.6469,0.8136,0.1167,0.5918,0.8472,0.9517,0.8132,0.3391
93,fast_learner,1,4,Confident,1.0,0.8741,0.0232,0.8862,0.8709,0.7257,0.8785,0.3705
93,fast_learner,2,4,Confident,0.8812,0.7386,0.0,0.7324,0.8073,0.7581,0.7657,0.2567
93,fast_learner,3,3,Understanding,0.7429,0.8131,0.1121,0.6257,0.7448,0.4863,0.7198,0.8532
93,fast_learner,4,3,Understanding,0.6881,0.7744,0.2845,0.767,0.4413,0.8232,0.9844,0.5309
94,fast_learner,0,2,Struggling but Trying,0.5733,0.4044,0.3074,0.4471,0.6844,0.9932,0.4134,0.6773
94,fast_learner,1,3,Understanding,0.5128,0.5749,0.1312,0.7676,0.6328,0.9542,0.5567,0.4191
94,fast_learner,2,4,Confident,0.9791,1.0,0.0,0.7585,0.9018,0.6119,0.9237,0.4088
94,fast_learner,3,2,Struggling but Trying,0.4796,0.555,0.4761,0.7838,0.7426,0.7308,0.2804,0.877
94,fast_learner,4,4,Confident,0.8547,0.8603,0.0,0.8336,1.0,0.7842,0.7934,0.382
94,fast_learner,5,3,Understanding,0.8439,0.7165,0.0952,0.436,0.5056,0.5114,0.6993,0.2729
94,fast_learner,6,4,Confident,0.883,0.8256,0.0,0.8747,0.6535,0.6719,1.0,0.2961
94,fast_learner,7,3,Understanding,0.7641,0.7009,0.1583,0.552,0.9484,0.6746,0.8523,0.4254
95,hardworking_struggler,0,1,Unclear,0.3576,0.5346,0.3241,0.3042,0.2872,0.455,0.5725,0.5694
95,hardworking_struggler,1,1,Unclear,0.4111,0.4125,0.562,0.2459,0.3652,0.4141,0.3686,0.4694
95,hardworking_struggler,2,3,Understanding,0.7323,0.6942,0.081,0.5426,0.7873,0.5978,0.7165,0.7197
95,hardworking_struggler,3,2,Struggling but Trying,0.2995,0.4463,0.3421,0.5416,0.5821,0.8501,0.3987,0.9989
95,hardworking_struggler,4,2,Struggling but Trying,0.5668,0.3733,0.1972,0.6366,0.88,0.6755,0.4031,0.5704
95,hardworking_struggler,5,3,Understanding,0.7837,0.6565,0.0951,0.5144,0.6222,0.9786,0.6595,0.3197
95,hardworking_struggler,6,4,Confident,0.7203,0.7486,0.186,0.7829,0.9769,0.7876,0.8453,0.3333
96,disengaged,0,0,Not Trying,0.1986,0.2465,0.0,0.1991,0.0285,0.0824,0.3256,0.4736
96,disengaged,1,0,Not Trying,0.0841,0.1706,0.1901,0.1811,0.154,0.3845,0.3791,0.5218
96,disengaged,2,1,Unclear,0.2409,0.3533,0.5222,0.4946,0.349,0.441,0.5402,0.8041
96,disengaged,3,0,Not Trying,0.0178,0.1832,0.0978,0.0,0.0755,0.2345,0.2512,0.6175
96,disengaged,4,0,Not Trying,0.147,0.1224,0.1756,0.0594,0.0,0.2875,0.319,0.8372
97,inconsistent,0,0,Not Trying,0.0,0.0,0.0127,0.0443,0.0,0.1292,0.2678,0.472
97,inconsistent,1,1,Unclear,0.2158,0.5224,0.4162,0.2328,0.3418,0.4963,0.2502,0.6
97,inconsistent,2,3,Understanding,0.658,0.5905,0.1157,0.6642,0.4633,0.7447,0.7628,0.5087
97,inconsistent,3,2,Struggling but Trying,0.5751,0.6449,0.58,0.641,0.7696,0.9266,0.3273,0.764
97,inconsistent,4,2,Struggling but Trying,0.4898,0.4348,0.2313,0.5996,0.7335,0.5494,0.2108,0.6009
98,strong,0,4,Confident,0.9865,0.9253,0.1572,0.873,0.7752,0.9429,0.9695,0.2989
98,strong,1,4,Confident,0.6454,0.821,0.0194,0.9383,0.9386,0.6115,1.0,0.0977
98,strong,2,4,Confident,0.8566,0.8182,0.0,0.878,0.8315,0.937,0.7937,0.2449
98,strong,3,4,Confident,1.0,0.5666,0.0,0.8007,0.6197,0.7664,0.8336,0.1645
98,strong,4,3,Understanding,0.7628,0.6764,0.0747,0.6301,0.6991,0.5238,0.71,0.3914
98,strong,5,4,Confident,0.9391,0.967,0.0,0.7554,0.6009,0.7083,1.0,0.4434
98,strong,6,4,Confident,0.8342,0.8424,0.1086,0.5888,0.5576,0.8637,0.5966,0.1919
99,hardworking_struggler,0,2,Struggling but Trying,0.5345,0.5285,0.2353,0.5545,0.796,1.0,0.5022,0.9079
99,hardworking_struggler,1,3,Understanding,0.6476,0.6765,0.1056,0.529,0.8519,0.8648,0.6103,0.5334
99,hardworking_struggler,2,3,Understanding,0.772,0.5656,0.1054,0.643,0.7748,0.6683,0.325,0.3094
99,hardworking_struggler,3,3,Understanding,0.7064,0.8684,0.1783,0.6598,0.6961,0.8935,0.5733,0.4318
99,hardworking_struggler,4,3,Understanding,0.8419,0.7392,0.0492,0.6363,0.7612,0.7174,0.5805,0.3649
100,hardworking_struggler,0,2,Struggling but Trying,0.3164,0.5078,0.2819,0.5114,0.7739,0.8972,0.4912,0.8219
100,hardworking_struggler,1,2,Struggling but Trying,0.3933,0.3956,0.2407,0.5524,0.6556,0.8125,0.2745,0.5341
100,hardworking_struggler,2,3,Understanding,0.6526,0.6163,0.0106,0.7008,0.865,0.6976,0.622,0.5893
100,hardworking_struggler,3,3,Understanding,0.8967,0.9444,0.0,0.6383,0.6137,0.7156,0.5956,0.5555
100,hardworking_struggler,4,3,Understanding,0.6089,0.6828,0.1715,0.508,0.5025,1.0,0.5665,0.4321
100,hardworking_struggler,5,3,Understanding,0.7548,0.8773,0.178,0.4678,0.5339,0.6981,0.6151,0.2261
100,hardworking_struggler,6,2,Struggling but Trying,0.3414,0.6493,0.4821,0.5202,0.8027,0.6398,0.4811,0.6852
100,hardworking_struggler,7,2,Struggling but Trying,0.4211,0.4534,0.2675,0.664,0.6558,1.0,0.2277,0.96
100,hardworking_struggler,8,2,Struggling but Trying,0.4499,0.451,0.2656,0.6462,0.93,0.9548,0.3474,0.774
101,strong,0,3,Understanding,0.725,0.5088,0.1154,0.8319,0.8346,0.6739,0.4684,0.5098
101,strong,1,3,Understanding,0.811,0.6786,0.3031,0.4428,0.8102,0.7369,0.607,0.2719
101,strong,2,3,Understanding,0.7676,0.8785,0.2208,0.5787,0.5795,0.5721,0.8415,0.3488
101,strong,3,4,Confident,0.9325,0.883,0.0193,0.8793,0.7481,0.752,0.9405,0.2313
101,strong,4,4,Confident,0.94,0.8436,0.0989,0.7455,0.6049,1.0,1.0,0.3649
101,strong,5,4,Confident,0.85,0.9882,0.0146,0.7241,0.9747,0.7938,1.0,0.0682
101,strong,6,4,Confident,1.0,0.853,0.0236,0.6599,0.8799,0.6999,0.8377,0.0895
101,strong,7,4,Confident,0.9955,0.8468,0.0,0.9843,0.7061,0.6563,0.6209,0.166
101,strong,8,4,Confident,0.8177,0.9244,0.0125,0.8427,0.6632,0.8085,1.0,0.2047
102,hardworking_struggler,0,1,Unclear,0.2023,0.4551,0.3377,0.3734,0.4305,0.4412,0.4919,0.6013
102,hardworking_struggler,1,3,Understanding,0.661,0.735,0.0738,0.656,0.571,0.7822,0.6557,0.3798
102,hardworking_struggler,2,2,Struggling but Trying,0.4634,0.4384,0.2871,0.4293,1.0,0.9377,0.4355,0.9024
102,hardworking_struggler,3,3,Understanding,0.4442,0.6601,0.0,0.6216,0.7247,0.8697,0.502,0.502
102,hardworking_struggler,4,0,Not Trying,0.0848,0.098,0.2383,0.0376,0.2729,0.0972,0.3966,0.4922
102,hardworking_struggler,5,0,Not Trying,0.1132,0.1201,0.0,0.0,0.2127,0.3599,0.5454,0.4977
102,hardworking_struggler,6,1,Unclear,0.208,0.3511,0.2493,0.4978,0.6187,0.5622,0.3486,0.5317
102,hardworking_struggler,7,2,Struggling but Trying,0.4576,0.4711,0.3481,0.4797,0.7676,0.6125,0.5413,0.7364
102,hardworking_struggler,8,2,Struggling but Trying,0.4299,0.4864,0.1788,0.6412,0.6449,0.7368,0.4001,0.7658
102,hardworking_struggler,9,3,Understanding,0.6769,0.7795,0.0822,0.623,0.7195,0.7336,0.516,0.4453
103,inconsistent,0,2,Struggling but Trying,0.5441,0.4908,0.215,0.5611,0.6056,0.6656,0.2102,0.6113
103,inconsistent,1,1,Unclear,0.1767,0.3966,0.2664,0.3911,0.2269,0.5051,0.3569,1.0
103,inconsistent,2,1,Unclear,0.1907,0.4185,0.5638,0.1044,0.2489,0.4692,0.2958,0.6567
103,inconsistent,3,2,Struggling but Trying,0.5904,0.3577,0.28,0.6755,0.7464,0.6727,0.2247,0.7201
103,inconsistent,4,1,Unclear,0.2705,0.2099,0.4313,0.3139,0.3728,0.6873,0.2931,0.6056
103,inconsistent,5,3,Understanding,0.6807,0.6909,0.0369,0.4072,0.6327,0.7968,0.6677,0.6059
103,inconsistent,6,4,Confident,0.9559,0.9883,0.1267,1.0,0.9721,0.9237,0.9418,0.2233
103,inconsistent,7,1,Unclear,0.2162,0.4121,0.278,0.2771,0.0674,0.724,0.3213,0.7592
104,inconsistent,0,1,Unclear,0.1258,0.5897,0.4587,0.3251,0.521,0.3481,0.3125,0.8878
104,inconsistent,1,4,Confident,0.936,0.9032,0.2469,0.61,0.9432,0.7273,0.7919,0.0911
104,inconsistent,2,3,Understanding,0.7404,0.5888,0.194,0.5704,0.5544,0.6814,0.6938,0.4139
104,inconsistent,3,3,Understanding,0.7696,0.8082,0.089,0.5247,0.7091,0.8112,0.4601,0.3342
104,inconsistent,4,2,Struggling but Trying,0.4292,0.4239,0.3707,0.3574,0.5604,0.7566,0.3772,0.5609
104,inconsistent,5,1,Unclear,0.2099,0.3107,0.3652,0.2206,0.5273,0.5635,0.2451,0.7123
104,inconsistent,6,3,Understanding,0.8215,0.64,0.1967,0.655,0.879,0.9178,0.6756,0.4159
104,inconsistent,7,1,Unclear,0.232,0.518,0.3578,0.2513,0.2948,0.3423,0.4224,0.5934
104,inconsistent,8,2,Struggling but Trying,0.3207,0.5127,0.415,0.2917,0.9922,0.7447,0.4183,0.8243
104,inconsistent,9,1,Unclear,0.2774,0.4497,0.4019,0.5113,0.4127,0.7554,0.4671,0.4653
105,inconsistent,0,3,Understanding,0.8061,0.6312,0.1826,0.6196,0.8895,0.807,0.7717,0.1687
105,inconsistent,1,4,Confident,0.9211,0.8724,0.1461,0.7561,0.7559,0.9536,0.5538,0.3266
105,inconsistent,2,1,Unclear,0.1588,0.3837,0.4727,0.4247,0.3338,0.6138,0.4628,0.6886
105,inconsistent,3,2,Struggling but Trying,0.3865,0.5838,0.2958,0.4245,0.5478,0.9081,0.3289,0.793
105,inconsistent,4,1,Unclear,0.1191,0.3455,0.3329,0.3456,0.4987,0.3272,0.4241,0.8341
105,inconsistent,5,1,Unclear,0.2363,0.3918,0.3845,0.3699,0.4174,0.3723,0.4787,0.8517
105,inconsistent,6,1,Unclear,0.1006,0.3385,0.3694,0.1626,0.3068,0.3168,0.4289,0.7216
105,inconsistent,7,2,Struggling but Trying,0.4851,0.4943,0.3516,0.503,0.6538,0.6998,0.33,0.7524
105,inconsistent,8,2,Struggling but Trying,0.4309,0.4577,0.2649,0.8509,0.6575,0.7275,0.8282,0.8047
105,inconsistent,9,2,Struggling but Trying,0.5343,0.409,0.3909,0.5247,0.6972,1.0,0.4736,0.8765
106,hardworking_struggler,0,1,Unclear,0.3709,0.3635,0.5302,0.4021,0.3754,0.5327,0.3678,0.5373
106,hardworking_struggler,1,1,Unclear,0.2721,0.3084,0.3838,0.3026,0.4428,0.5862,0.3717,0.5223
106,hardworking_struggler,2,2,Struggling but Trying,0.4358,0.4919,0.2657,0.4914,0.9353,0.9802,0.4578,0.736
106,hardworking_struggler,3,3,Understanding,0.7074,0.681,0.1538,0.5971,0.7303,0.7765,0.7284,0.3695
106,hardworking_struggler,4,1,Unclear,0.1594,0.2927,0.2971,0.1714,0.4719,0.374,0.2591,0.8632
106,hardworking_struggler,5,2,Struggling but Trying,0.4312,0.3988,0.3833,0.6516,0.8387,0.8699,0.4096,0.6818
106,hardworking_struggler,6,1,Unclear,0.379,0.4265,0.2807,0.3048,0.314,0.3533,0.3731,0.646
107,inconsistent,0,3,Understanding,0.6915,0.6125,0.1851,0.6421,0.7692,0.7262,0.5477,0.4648
107,inconsistent,1,4,Confident,0.9339,0.7563,0.1418,0.7594,0.8775,0.6541,0.7619,0.2995
107,inconsistent,2,4,Confident,1.0,0.8541,0.2338,0.7652,0.8819,0.6775,0.9046,0.0
107,inconsistent,3,4,Confident,0.9267,0.7188,0.0927,0.9088,0.6898,0.674,0.7884,0.1244
107,inconsistent,4,1,Unclear,0.2602,0.3194,0.5174,0.2137,0.517,0.3646,0.3595,0.8538
107,inconsistent,5,3,Understanding,0.658,0.7555,0.1621,0.5852,0.7739,0.9921,0.7113,0.5236
107,inconsistent,6,3,Understanding,0.5539,0.746,0.0183,0.5792,0.9594,0.7171,0.5538,0.5998
107,inconsistent,7,1,Unclear,0.2053,0.4749,0.3543,0.1126,0.4153,0.4485,0.5502,0.6212
107,inconsistent,8,3,Understanding,0.8776,0.6149,0.1007,0.6966,0.5971,0.7851,0.6208,0.4181
107,inconsistent,9,3,Understanding,0.7071,0.7164,0.0601,0.5834,0.6858,0.7442,0.5929,0.4921
108,strong,0,4,Confident,0.807,0.822,0.0,0.9955,0.7523,0.823,0.7872,0.2479
108,strong,1,4,Confident,0.863,0.7563,0.0223,0.4928,0.6146,0.9903,0.958,0.4215
108,strong,2,4,Confident,0.9473,0.8047,0.0,0.9376,0.7577,1.0,0.8025,0.5065
108,strong,3,2,Struggling but Trying,0.5836,0.6697,0.1977,0.4918,0.626,0.6401,0.4867,0.7244
108,strong,4,3,Understanding,0.7556,0.5143,0.2487,0.6081,0.7639,0.8307,0.8282,0.4364
108,strong,5,4,Confident,0.8857,0.8701,0.0,0.8177,0.7067,0.6254,0.9373,0.1767
108,strong,6,4,Confident,0.8337,0.9735,0.0459,0.8095,0.6971,0.8602,1.0,0.3342
108,strong,7,4,Confident,0.9406,0.712,0.0,0.7754,0.6629,0.6616,0.6066,0.075
108,strong,8,4,Confident,0.8731,0.7707,0.0579,0.7479,0.8809,0.779,0.9405,0.2764
108,strong,9,4,Confident,0.8709,0.7264,0.0392,0.7106,0.7958,0.6255,0.8519,0.3244
109,disengaged,0,0,Not Trying,0.2047,0.0019,0.0089,0.3865,0.0272,0.0,0.2243,0.14
109,disengaged,1,1,Unclear,0.331,0.2588,0.3029,0.4108,0.14,0.3282,0.3203,0.6022
109,disengaged,2,2,Struggling but Trying,0.3236,0.5214,0.2851,0.6159,0.774,0.8269,0.212,0.814
109,disengaged,3,1,Unclear,0.2333,0.4548,0.2781,0.4621,0.5233,0.5979,0.2225,0.4158
109,disengaged,4,0,Not Trying,0.0611,0.0755,0.2174,0.0,0.0091,0.2682,0.1552,0.4858
109,disengaged,5,1,Unclear,0.2711,0.4747,0.4634,0.3009,0.0696,0.3562,0.4492,0.4985
109,disengaged,6,0,Not Trying,0.0838,0.297,0.0425,0.0,0.0537,0.2456,0.2799,0.6364
109,disengaged,7,1,Unclear,0.262,0.3945,0.31,0.4008,0.3679,0.6025,0.3752,0.7489
109,disengaged,8,1,Unclear,0.1869,0.4724,0.4136,0.1772,0.3717,0.1914,0.2754,0.8249
109,disengaged,9,1,Unclear,0.2618,0.0484,0.3108,0.3406,0.4058,0.6251,0.3227,0.6785
110,strong,0,4,Confident,0.6952,0.7415,0.2009,0.7675,0.7764,0.7332,0.6172,0.3717
110,strong,1,4,Confident,0.8245,0.8445,0.073,0.7128,0.5294,0.6959,0.7527,0.1495
110,strong,2,3,Understanding,0.5786,0.7301,0.1358,0.7653,0.684,0.8528,0.6276,0.5065
110,strong,3,3,Understanding,0.4362,0.7378,0.1631,0.7071,0.637,0.9437,0.5902,0.5047
110,strong,4,4,Confident,1.0,0.8183,0.0,0.6202,0.9363,0.8548,0.9089,0.6552
110,strong,5,4,Confident,0.7498,0.8304,0.0,0.7525,0.7017,0.7237,0.6689,0.457
110,strong,6,4,Confident,0.8575,0.9258,0.0971,0.8331,0.8322,0.8174,0.9371,0.3479
111,inconsistent,0,2,Struggling but Trying,0.4891,0.5414,0.239,0.4531,0.7075,0.736,0.2104,0.6653
111,inconsistent,1,3,Understanding,0.8266,0.7554,0.0,0.727,0.633,0.8089,0.6482,0.425
111,inconsistent,2,3,Understanding,0.6978,0.8344,0.118,0.7803,0.8128,0.8367,0.4177,0.5952
111,inconsistent,3,4,Confident,0.9516,0.7527,0.0,1.0,0.6352,0.949,0.8654,0.1954
111,inconsistent,4,3,Understanding,0.5699,0.6986,0.0117,0.6025,0.811,0.783,0.4573,0.5607
111,inconsistent,5,3,Understanding,0.6458,0.7747,0.1033,0.5101,0.9217,0.7478,0.6394,0.3973
111,inconsistent,6,1,Unclear,0.1975,0.1955,0.2821,0.4592,0.4499,0.4668,0.5285,0.7972
111,inconsistent,7,0,Not Trying,0.0334,0.1829,0.0168,0.0505,0.097,0.0,0.2754,0.4606
111,inconsistent,8,3,Understanding,0.5156,0.6618,0.0718,0.7652,0.6948,0.9835,0.7361,0.3967
112,strong,0,3,Understanding,0.5668,0.6176,0.1656,0.7971,0.4358,0.9287,0.6318,0.2051
112,strong,1,4,Confident,0.7271,0.848,0.0434,0.876,0.6841,0.656,0.7963,0.2544
112,strong,2,4,Confident,0.8011,0.9401,0.0,0.6956,0.6849,0.9397,0.8327,0.1597
112,strong,3,4,Confident,1.0,0.871,0.1734,0.9243,0.6773,0.8035,0.6833,0.2234
112,strong,4,4,Confident,0.8397,0.775,0.0213,0.8639,0.7357,0.5576,0.753,0.0525
112,strong,5,4,Confident,0.9303,0.8757,0.0,0.8296,0.6936,0.652,0.9465,0.3563
112,strong,6,4,Confident,0.8192,0.9679,0.0006,0.8784,0.6887,0.7709,0.5352,0.2108
112,strong,7,4,Confident,0.839,1.0,0.0,0.7324,0.6414,0.7267,0.9841,0.4421
113,strong,0,3,Understanding,0.8121,0.6894,0.0,0.4932,0.7205,0.8214,0.3814,0.4082
113,strong,1,4,Confident,0.8582,0.999,0.1149,0.6699,0.7149,0.7833,0.7262,0.1239
113,strong,2,4,Confident,0.7823,0.9578,0.0064,0.7969,0.8174,0.7222,0.9238,0.0
113,strong,3,4,Confident,0.6331,0.8273,0.1354,0.8747,0.5942,0.6479,0.7605,0.2742
113,strong,4,4,Confident,0.8787,0.8811,0.0217,0.863,0.7768,0.7296,0.5983,0.2673
113,strong,5,3,Understanding,0.6422,0.7479,0.2617,0.6454,0.7665,0.5622,0.6819,0.4422
113,strong,6,4,Confident,0.826,0.8258,0.1559,0.789,0.6169,1.0,0.7098,0.2416
114,disengaged,0,0,Not Trying,0.0315,0.1265,0.0,0.308,0.0336,0.2776,0.2565,0.4539
114,disengaged,1,2,Struggling but Trying,0.295,0.4839,0.2593,0.6906,0.6064,0.725,0.2832,0.9375
114,disengaged,2,3,Understanding,0.7562,0.797,0.1054,0.4848,0.5363,0.8618,0.4861,0.501
114,disengaged,3,1,Unclear,0.2877,0.3972,0.2566,0.1829,0.4358,0.4182,0.0,0.7843
114,disengaged,4,1,Unclear,0.2967,0.4893,0.3517,0.4195,0.3685,0.7064,0.2119,0.6989
114,disengaged,5,0,Not Trying,0.031,0.2652,0.0568,0.2983,0.3147,0.2367,0.3718,0.6549
115,disengaged,0,0,Not Trying,0.0273,0.1511,0.0,0.0271,0.0,0.3193,0.4294,0.575
115,disengaged,1,0,Not Trying,0.0,0.2091,0.1629,0.1994,0.3142,0.0,0.2495,0.4035
115,disengaged,2,0,Not Trying,0.0513,0.1266,0.2028,0.0,0.0,0.0669,0.2532,0.3403
115,disengaged,3,1,Unclear,0.2335,0.2713,0.4374,0.2929,0.4775,0.4746,0.3469,0.6268
115,disengaged,4,0,Not Trying,0.1212,0.1089,0.1518,0.0,0.1511,0.1246,0.4107,0.5079
115,disengaged,5,0,Not Trying,0.0,0.0024,0.0384,0.0,0.0,0.2808,0.2995,0.4376
115,disengaged,6,2,Struggling but Trying,0.3903,0.665,0.2264,0.3913,0.8455,0.772,0.665,0.6816
115,disengaged,7,3,Understanding,0.8082,0.6479,0.0457,0.739,0.769,0.5666,0.5033,0.1203
115,disengaged,8,3,Understanding,0.6738,0.6838,0.0,0.5182,0.6426,0.6626,0.6653,0.5259
116,fast_learner,0,3,Understanding,0.617,0.5325,0.0848,0.4583,0.7018,0.6485,0.3959,0.6757
116,fast_learner,1,4,Confident,0.7162,0.9398,0.0,0.9308,0.662,0.7297,0.8948,0.3271
116,fast_learner,2,4,Confident,0.871,0.9029,0.1246,0.8241,0.7329,0.6121,0.9279,0.2555
116,fast_learner,3,4,Confident,1.0,0.7072,0.2144,0.7973,0.7881,0.7486,0.6333,0.2319
116,fast_learner,4,4,Confident,0.9476,0.8302,0.0,0.615,0.9962,0.658,1.0,0.1286
116,fast_learner,5,4,Confident,0.9425,0.768,0.2092,0.8091,0.8053,0.7652,0.9356,0.4552
116,fast_learner,6,4,Confident,1.0,0.7888,0.1264,0.8587,0.6218,0.8278,0.851,0.1391
117,hardworking_struggler,0,2,Struggling but Trying,0.441,0.4632,0.314,0.4727,1.0,0.6168,0.324,0.6843
117,hardworking_struggler,1,3,Understanding,0.568,0.7426,0.1448,0.69,0.8484,0.9081,0.5914,0.4752
117,hardworking_struggler,2,4,Confident,0.8899,0.7706,0.0314,0.5978,0.7986,0.5794,0.8693,0.0906
117,hardworking_struggler,3,3,Understanding,0.8155,0.7588,0.2349,0.8372,0.6073,0.9449,0.4595,0.547
117,hardworking_struggler,4,3,Understanding,0.607,0.7614,0.2145,0.7598,0.7258,0.7672,0.7185,0.4895
117,hardworking_struggler,5,4,Confident,0.9004,0.9343,0.0,0.7842,0.5839,0.836,1.0,0.1884
117,hardworking_struggler,6,4,Confident,0.9556,0.6432,0.0,0.8437,0.4024,0.673,0.9931,0.3804
117,hardworking_struggler,7,3,Understanding,0.7882,0.7215,0.1755,0.6121,0.7139,0.6678,0.8143,0.6478
117,hardworking_struggler,8,2,Struggling but Trying,0.4092,0.4046,0.4277,0.6153,0.7894,0.7176,0.4553,0.6089
117,hardworking_struggler,9,3,Understanding,0.8379,0.8631,0.1909,0.4842,0.7237,1.0,0.5371,0.4423
118,hardworking_struggler,0,2,Struggling but Trying,0.3767,0.401,0.4224,0.4065,0.7264,0.7915,0.5347,0.8299
118,hardworking_struggler,1,2,Struggling but Trying,0.4098,0.6215,0.7026,0.633,0.762,0.6313,0.3171,0.7222
118,hardworking_struggler,2,2,Struggling but Trying,0.4484,0.6778,0.4247,0.5309,0.605,0.9739,0.3936,0.5256
118,hardworking_struggler,3,2,Struggling but Trying,0.5526,0.2574,0.2175,0.5367,0.8381,0.733,0.2918,0.8445
118,hardworking_struggler,4,2,Struggling but Trying,0.5042,0.3888,0.1648,0.6406,0.7803,0.9199,0.3308,0.6466
118,hardworking_struggler,5,3,Understanding,0.5477,0.8251,0.2521,0.7532,0.6175,0.6439,0.6227,0.2816
119,hardworking_struggler,0,2,Struggling but Trying,0.5176,0.5454,0.451,0.6183,0.877,0.862,0.5274,0.5827
119,hardworking_struggler,1,2,Struggling but Trying,0.4461,0.4756,0.3444,0.6261,0.7971,0.777,0.3044,0.8926
119,hardworking_struggler,2,2,Struggling but Trying,0.3481,0.4806,0.1257,0.5542,0.7262,0.7253,0.606,0.5997
119,hardworking_struggler,3,2,Struggling but Trying,0.6687,0.6077,0.2968,0.4139,0.5866,0.7465,0.3107,0.6565
119,hardworking_struggler,4,2,Struggling but Trying,0.4398,0.5485,0.1762,0.4681,0.7308,0.7746,0.6387,0.7802
119,hardworking_struggler,5,1,Unclear,0.2918,0.4046,0.3375,0.1544,0.561,0.3609,0.4359,0.726
120,hardworking_struggler,0,2,Struggling but Trying,0.3941,0.6106,0.2369,0.5696,0.5948,0.6657,0.4067,0.7979
120,hardworking_struggler,1,2,Struggling but Trying,0.4997,0.4181,0.428,0.5078,0.6152,0.8099,0.2809,0.915
120,hardworking_struggler,2,2,Struggling but Trying,0.4348,0.5592,0.1995,0.3953,0.799,0.657,0.257,0.8588
120,hardworking_struggler,3,2,Struggling but Trying,0.3246,0.4381,0.2096,0.7632,0.8587,0.7453,0.4749,0.5737
120,hardworking_struggler,4,2,Struggling but Trying,0.4605,0.5452,0.2903,0.5798,0.7594,0.7787,0.3615,0.6946
120,hardworking_struggler,5,3,Understanding,0.7411,0.7198,0.0021,0.5301,0.7479,0.9413,0.6698,0.3965
120,hardworking_struggler,6,3,Understanding,0.5863,0.8309,0.1387,0.5697,0.68,0.6815,0.8205,0.4237
120,hardworking_struggler,7,3,Understanding,0.7574,0.6259,0.1394,0.6829,0.5135,0.7829,0.6441,0.4669
120,hardworking_struggler,8,3,Understanding,0.7259,0.8337,0.002,0.6089,0.78,0.8125,0.7097,0.808
121,hardworking_struggler,0,2,Struggling but Trying,0.4186,0.5712,0.3407,0.5984,0.7243,0.7514,0.3766,0.8442
121,hardworking_struggler,1,3,Understanding,0.5994,0.7762,0.0549,0.7063,0.677,0.9536,0.5957,0.4732
121,hardworking_struggler,2,4,Confident,0.7926,0.8427,0.0233,0.7383,0.6972,0.9446,0.7722,0.3236
121,hardworking_struggler,3,4,Confident,0.7403,0.9019,0.0,0.8754,0.6891,0.8011,0.6817,0.2659
121,hardworking_struggler,4,4,Confident,0.7993,0.7893,0.0955,0.8576,0.4579,1.0,0.9187,0.3406
122,strong,0,4,Confident,0.8235,0.9044,0.0281,0.8286,0.657,0.9124,0.6955,0.5419
122,strong,1,3,Understanding,0.8633,0.8275,0.1115,0.79,0.6885,0.548,0.8454,0.5967
122,strong,2,4,Confident,0.7575,0.7914,0.0,0.9134,0.5576,0.8373,0.7403,0.0645
122,strong,3,4,Confident,0.8466,0.9338,0.0,0.7091,0.4635,0.516,1.0,0.5209
122,strong,4,4,Confident,0.7976,0.8202,0.1374,0.7383,0.7785,0.7983,0.7761,0.1816
122,strong,5,4,Confident,0.7823,0.8952,0.0028,0.8153,0.9161,0.7781,0.9696,0.017
123,fast_learner,0,1,Unclear,0.2404,0.4957,0.2715,0.2745,0.3898,0.524,0.5536,0.7583
123,fast_learner,1,1,Unclear,0.214,0.2759,0.3274,0.1609,0.408,0.4498,0.2627,0.7648
123,fast_learner,2,4,Confident,0.9571,0.8022,0.1659,0.7529,0.8258,0.8233,0.9467,0.2643
123,fast_learner,3,3,Understanding,0.8009,0.6912,0.199,0.7328,0.6072,0.6311,0.7352,0.4106
123,fast_learner,4,3,Understanding,0.6822,0.8023,0.1623,0.6846,0.6551,0.7802,0.8051,0.443
123,fast_learner,5,3,Understanding,0.7046,0.7125,0.2923,0.7942,0.7095,0.7779,0.5588,0.4275
123,fast_learner,6,3,Understanding,0.7851,0.7749,0.0091,0.7672,0.6893,0.6217,0.8237,0.6402
123,fast_learner,7,4,Confident,0.9509,0.9267,0.1896,0.8874,0.5907,1.0,0.9885,0.1838
124,hardworking_struggler,0,1,Unclear,0.283,0.4243,0.2934,0.1661,0.3963,0.4307,0.369,0.5254
124,hardworking_struggler,1,3,Understanding,0.7715,0.7606,0.0412,0.5098,0.7019,0.8229,0.7027,0.3834
124,hardworking_struggler,2,3,Understanding,0.8502,0.7205,0.0,0.6744,0.9453,0.5826,0.6539,0.4206
124,hardworking_struggler,3,2,Struggling but Trying,0.4694,0.614,0.3085,0.7033,0.7359,0.7545,0.313,0.5138
124,hardworking_struggler,4,1,Unclear,0.4554,0.3958,0.4187,0.2504,0.3207,0.628,0.6111,0.8934
124,hardworking_struggler,5,2,Struggling but Trying,0.4535,0.521,0.2246,0.3762,0.6148,0.8065,0.362,0.559
124,hardworking_struggler,6,0,Not Trying,0.0182,0.0327,0.063,0.0115,0.0,0.3205,0.0526,0.2418
124,hardworking_struggler,7,2,Struggling but Trying,0.4596,0.5404,0.2461,0.4398,0.7491,0.7426,0.6016,0.7079
124,hardworking_struggler,8,2,Struggling but Trying,0.6975,0.4805,0.3556,0.6276,0.8378,0.8376,0.4252,0.763
124,hardworking_struggler,9,2,Struggling but Trying,0.4826,0.7029,0.4211,0.5865,0.8527,0.687,0.3661,0.8732
125,hardworking_struggler,0,2,Struggling but Trying,0.4596,0.6823,0.3207,0.5795,0.7133,0.9225,0.5765,0.6154
125,hardworking_struggler,1,2,Struggling but Trying,0.5415,0.487,0.2507,0.6711,0.8824,0.7415,0.4276,0.5929
125,hardworking_struggler,2,3,Understanding,0.7124,0.7031,0.0233,0.5641,0.5722,0.8092,0.3942,0.3185
125,hardworking_struggler,3,3,Understanding,0.7419,0.5197,0.1232,0.8467,0.9008,0.5152,0.6888,0.3214
125,hardworking_struggler,4,3,Understanding,0.6887,0.8228,0.18,0.5642,0.7846,0.4583,0.5521,0.3429
125,hardworking_struggler,5,2,Struggling but Trying,0.4297,0.4859,0.2825,0.5527,0.8148,0.8194,0.363,0.8022
125,hardworking_struggler,6,3,Understanding,0.6444,0.6941,0.2362,0.5177,0.9166,0.5759,0.6051,0.3265
125,hardworking_struggler,7,4,Confident,0.8297,0.7999,0.0129,0.8115,0.7106,0.7827,0.3912,0.2574
125,hardworking_struggler,8,4,Confident,0.9839,0.9809,0.0312,0.8979,0.6178,0.8998,0.7756,0.096
126,fast_learner,0,2,Struggling but Trying,0.5996,0.4251,0.4048,0.4717,0.777,0.8282,0.486,0.7826
126,fast_learner,1,3,Understanding,0.788,0.8732,0.0616,0.4298,0.7599,0.7069,0.633,0.5223
126,fast_learner,2,3,Understanding,0.6731,0.69,0.267,0.6536,0.5517,0.5945,0.6681,0.3032
126,fast_learner,3,4,Confident,0.9436,0.9184,0.0132,0.8352,0.7726,0.8783,0.9286,0.0
126,fast_learner,4,4,Confident,0.9318,0.809,0.0536,0.8901,0.7597,0.996,0.9965,0.2346
126,fast_learner,5,2,Struggling but Trying,0.165,0.4673,0.1647,0.5765,0.7683,0.8905,0.5816,0.7466
126,fast_learner,6,2,Struggling but Trying,0.4732,0.369,0.2438,0.5053,0.8211,0.6769,0.3613,0.7291
126,fast_learner,7,3,Understanding,0.7811,0.7641,0.2367,0.6103,0.8443,0.5727,0.4695,0.2922
126,fast_learner,8,3,Understanding,0.8202,0.6398,0.0723,0.6241,0.7687,0.6879,0.5807,0.2751
127,inconsistent,0,1,Unclear,0.3736,0.2915,0.492,0.4684,0.3567,0.3052,0.6476,0.7503
127,inconsistent,1,1,Unclear,0.3456,0.4202,0.4811,0.2205,0.3882,0.3458,0.4366,0.697
127,inconsistent,2,1,Unclear,0.2354,0.3249,0.2632,0.3949,0.5288,0.4276,0.422,0.7562
127,inconsistent,3,2,Struggling but Trying,0.2973,0.3698,0.2219,0.2933,0.919,0.8478,0.3961,0.4653
127,inconsistent,4,1,Unclear,0.2498,0.547,0.2801,0.4037,0.2924,0.5072,0.5079,0.655
127,inconsistent,5,2,Struggling but Trying,0.5918,0.5046,0.4091,0.4678,0.9188,0.8356,0.4565,0.7671
128,inconsistent,0,2,Struggling but Trying,0.546,0.4797,0.1503,0.3485,0.5428,0.8803,0.2503,0.789
128,inconsistent,1,2,Struggling but Trying,0.4435,0.5438,0.3158,0.2248,0.7112,0.8553,0.6132,0.9692
128,inconsistent,2,4,Confident,0.845,0.6934,0.202,0.9215,0.7921,0.8216,1.0,0.4075
128,inconsistent,3,3,Understanding,0.7457,0.6651,0.1967,0.7479,0.6771,0.7043,0.7973,0.6663
128,inconsistent,4,3,Understanding,0.6737,0.7351,0.1687,0.5873,0.926,0.8049,0.7191,0.6787
129,inconsistent,0,0,Not Trying,0.0,0.2248,0.142,0.0168,0.0479,0.299,0.1523,0.5265
129,inconsistent,1,1,Unclear,0.0718,0.4185,0.1826,0.2859,0.2104,0.6861,0.1996,0.4855
129,inconsistent,2,1,Unclear,0.2086,0.1995,0.4026,0.061,0.2257,0.4252,0.4543,0.8684
129,inconsistent,3,3,Understanding,0.6847,0.4573,0.1591,0.8265,0.8481,0.8102,0.4954,0.3817
129,inconsistent,4,1,Unclear,0.1083,0.2352,0.4443,0.2483,0.2082,0.6986,0.4099,0.6504
130,inconsistent,0,1,Unclear,0.3897,0.4394,0.2979,0.2384,0.5236,0.6901,0.106,0.7715
130,inconsistent,1,0,Not Trying,0.0,0.1762,0.0,0.0,0.0,0.135,0.2907,0.368
130,inconsistent,2,0,Not Trying,0.0993,0.3295,0.084,0.0,0.271,0.1249,0.2768,0.5936
130,inconsistent,3,2,Struggling but Trying,0.5211,0.5583,0.4269,0.6568,0.906,0.7856,0.2879,1.0
130,inconsistent,4,2,Struggling but Trying,0.3073,0.5565,0.4625,0.5727,0.8699,0.5405,0.3351,0.5064
130,inconsistent,5,4,Confident,0.7253,0.7222,0.1014,0.9274,0.7309,0.8741,0.9199,0.222
130,inconsistent,6,1,Unclear,0.3065,0.4113,0.4394,0.3374,0.2098,0.5897,0.3498,0.6372
130,inconsistent,7,1,Unclear,0.181,0.4389,0.2082,0.1808,0.3105,0.7098,0.4871,0.4867
130,inconsistent,8,2,Struggling but Trying,0.5849,0.3826,0.0479,0.5413,0.8847,1.0,0.2868,0.9778
131,hardworking_struggler,0,1,Unclear,0.3798,0.4454,0.2149,0.4035,0.4111,0.2827,0.0813,0.8349
131,hardworking_struggler,1,1,Unclear,0.1215,0.3292,0.3864,0.2901,0.1638,0.7451,0.4805,0.6564
131,hardworking_struggler,2,1,Unclear,0.2859,0.237,0.3823,0.1403,0.3415,0.3481,0.2046,0.9139
131,hardworking_struggler,3,2,Struggling but Trying,0.4707,0.2989,0.2403,0.6053,0.7733,0.52,0.4269,0.7977
131,hardworking_struggler,4,2,Struggling but Trying,0.3845,0.2758,0.2003,0.4184,0.8384,0.4468,0.3417,0.9354
131,hardworking_struggler,5,2,Struggling but Trying,0.5396,0.3358,0.1398,0.7225,0.7621,0.8134,0.2546,0.7631
132,strong,0,4,Confident,0.9284,0.7865,0.0,0.5979,0.9366,0.6662,0.8018,0.3352
132,strong,1,4,Confident,0.86,0.8095,0.0572,0.7247,0.6811,0.8535,0.8741,0.5271
132,strong,2,4,Confident,0.9951,0.7429,0.1025,0.7132,0.7975,0.8895,0.8565,0.563
132,strong,3,4,Confident,0.9977,0.9264,0.2263,0.6276,0.9144,0.6711,0.7766,0.323
132,strong,4,4,Confident,0.7646,0.7987,0.0598,0.7776,0.8525,1.0,0.9045,0.1544
132,strong,5,4,Confident,0.8475,0.756,0.0968,0.8542,0.6944,1.0,0.7544,0.2345
132,strong,6,4,Confident,0.9692,0.9778,0.0928,0.9261,0.6702,0.9194,0.9676,0.4467
133,disengaged,0,0,Not Trying,0.0992,0.256,0.0424,0.0,0.0,0.1322,0.236,0.4112
133,disengaged,1,0,Not Trying,0.0229,0.1217,0.2874,0.0027,0.1013,0.125,0.2234,0.2784
133,disengaged,2,0,Not Trying,0.0,0.1684,0.2076,0.0,0.0,0.0223,0.2656,0.6399
133,disengaged,3,0,Not Trying,0.0452,0.2955,0.1458,0.0,0.0791,0.0924,0.3547,0.567
133,disengaged,4,1,Unclear,0.2675,0.3382,0.4045,0.3998,0.4073,0.4606,0.4713,0.5865
134,inconsistent,0,0,Not Trying,0.043,0.0678,0.1398,0.0,0.0,0.2611,0.1661,0.5532
134,inconsistent,1,0,Not Trying,0.0467,0.2095,0.1953,0.0611,0.0,0.1405,0.3828,0.3672
134,inconsistent,2,0,Not Trying,0.0114,0.1397,0.0,0.0,0.1225,0.3253,0.067,0.548
134,inconsistent,3,1,Unclear,0.3096,0.3083,0.2557,0.3097,0.3797,0.5125,0.3266,0.5593
134,inconsistent,4,3,Understanding,0.7471,0.7201,0.1311,0.8515,0.6251,0.9166,0.5546,0.5942
134,inconsistent,5,4,Confident,0.8507,1.0,0.0969,0.6947,0.7051,0.9473,0.97,0.1125
135,strong,0,3,Understanding,0.7234,0.6938,0.2391,0.6062,0.8209,0.5332,0.591,0.5864
135,strong,1,4,Confident,0.8027,0.761,0.1067,0.7252,0.7178,0.9139,0.7793,0.0
135,strong,2,4,Confident,0.881,0.6637,0.0203,0.6329,0.9468,1.0,0.7124,0.2834
135,strong,3,4,Confident,0.8491,1.0,0.0033,0.7657,0.6369,0.949,0.4258,0.1924
135,strong,4,3,Understanding,0.6339,0.7864,0.2402,0.4806,0.9512,0.565,0.8175,0.4695
135,strong,5,4,Confident,0.8391,0.8466,0.0708,0.6896,0.7219,0.6998,0.692,0.1437
135,strong,6,4,Confident,0.838,0.8932,0.0621,1.0,0.4847,0.861,0.8508,0.356
136,disengaged,0,0,Not Trying,0.0,0.2114,0.0,0.1432,0.0572,0.1367,0.2698,0.4793
136,disengaged,1,2,Struggling but Trying,0.7733,0.622,0.2435,0.6256,0.8308,0.6797,0.2361,0.7418
136,disengaged,2,0,Not Trying,0.0,0.0779,0.1573,0.055,0.23,0.0165,0.6058,0.3001
136,disengaged,3,3,Understanding,0.6941,0.5866,0.1161,0.6412,0.6765,0.6405,0.7062,0.4087
136,disengaged,4,3,Understanding,0.682,0.6035,0.0,0.6293,0.5477,0.5745,0.7186,0.2189
136,disengaged,5,3,Understanding,0.716,0.6956,0.0165,0.7417,0.6997,0.6608,0.676,0.2312
136,disengaged,6,0,Not Trying,0.0,0.185,0.0997,0.1759,0.0,0.2747,0.2852,0.3774
136,disengaged,7,0,Not Trying,0.0434,0.0871,0.1042,0.0345,0.0416,0.1464,0.1304,0.5097
136,disengaged,8,0,Not Trying,0.0,0.1259,0.1734,0.0723,0.0,0.1257,0.3827,0.1884
137,hardworking_struggler,0,1,Unclear,0.467,0.5177,0.4206,0.3428,0.1265,0.5204,0.2786,0.5938
137,hardworking_struggler,1,2,Struggling but Trying,0.4029,0.5869,0.1064,0.559,0.6445,0.7467,0.4396,0.6047
137,hardworking_struggler,2,2,Struggling but Trying,0.4288,0.4339,0.2529,0.5315,0.6579,0.8009,0.3638,0.6705
137,hardworking_struggler,3,2,Struggling but Trying,0.4915,0.4617,0.3146,0.4268,0.6976,0.7584,0.2379,0.8004
137,hardworking_struggler,4,2,Struggling but Trying,0.4145,0.4431,0.5959,0.4705,0.5018,0.592,0.4987,0.9237
137,hardworking_struggler,5,3,Understanding,0.8279,0.7742,0.1011,0.6187,0.7217,0.8641,0.7016,0.362
138,disengaged,0,0,Not Trying,0.0,0.2369,0.154,0.0828,0.073,0.3167,0.3934,0.5343
138,disengaged,1,0,Not Trying,0.0886,0.1433,0.0692,0.3715,0.0,0.3246,0.1879,0.5171
138,disengaged,2,0,Not Trying,0.0,0.0776,0.0982,0.0,0.1661,0.1305,0.385,0.3272
138,disengaged,3,1,Unclear,0.2271,0.1931,0.5018,0.1164,0.2255,0.5538,0.2738,0.5026
138,disengaged,4,0,Not Trying,0.0,0.1304,0.0791,0.1352,0.1155,0.0925,0.2576,0.4705
138,disengaged,5,0,Not Trying,0.0,0.3518,0.0241,0.049,0.0,0.0312,0.1863,0.3738
138,disengaged,6,0,Not Trying,0.0,0.2196,0.0217,0.0,0.0128,0.3291,0.3279,0.487
138,disengaged,7,1,Unclear,0.1357,0.2222,0.4807,0.3637,0.2466,0.4266,0.2427,0.5848
138,disengaged,8,1,Unclear,0.2212,0.5581,0.475,0.4571,0.4306,0.4451,0.4277,0.6547
139,hardworking_struggler,0,0,Not Trying,0.224,0.0066,0.2838,0.0277,0.0,0.1022,0.0854,0.585
139,hardworking_struggler,1,1,Unclear,0.2669,0.4634,0.2828,0.2678,0.1936,0.4495,0.6846,0.8011
139,hardworking_struggler,2,1,Unclear,0.1888,0.3457,0.363,0.2497,0.4136,0.3761,0.2254,0.7481
139,hardworking_struggler,3,2,Struggling but Trying,0.5229,0.4986,0.1172,0.5631,0.5478,0.8901,0.3677,0.9906
139,hardworking_struggler,4,4,Confident,0.7739,0.6479,0.0,0.6534,0.9691,0.7987,0.9713,0.2129
139,hardworking_struggler,5,3,Understanding,0.6967,0.8107,0.1512,0.5231,0.8947,0.7119,0.5908,0.0822
139,hardworking_struggler,6,3,Understanding,0.7101,0.71,0.0797,0.581,0.6557,0.8102,0.7331,0.42
139,hardworking_struggler,7,3,Understanding,0.6921,0.6496,0.1398,0.4869,0.7279,0.5495,0.5164,0.1876
140,hardworking_struggler,0,2,Struggling but Trying,0.5144,0.7352,0.3404,0.4582,0.6747,0.8001,0.3177,0.6774
140,hardworking_struggler,1,1,Unclear,0.3526,0.1853,0.2682,0.2443,0.4219,0.6486,0.7013,0.6395
140,hardworking_struggler,2,2,Struggling but Trying,0.5089,0.4318,0.2859,0.5002,0.4354,0.816,0.3763,0.9153
140,hardworking_struggler,3,2,Struggling but Trying,0.3245,0.4742,0.0909,0.4047,0.8263,0.7678,0.5199,0.4943
140,hardworking_struggler,4,0,Not Trying,0.0024,0.2456,0.1673,0.1271,0.245,0.1521,0.4736,0.3643
141,inconsistent,0,2,Struggling but Trying,0.4601,0.6072,0.2941,0.5567,0.8111,0.7139,0.3082,0.8117
141,inconsistent,1,0,Not Trying,0.0093,0.1417,0.2595,0.0,0.0034,0.0,0.2945,0.5854
141,inconsistent,2,3,Understanding,0.7108,0.7956,0.1931,0.7836,0.8181,0.9541,0.6279,0.2775
141,inconsistent,3,2,Struggling but Trying,0.5281,0.657,0.4281,0.7835,0.8244,0.8297,0.22,0.7901
141,inconsistent,4,3,Understanding,0.7212,0.7055,0.1672,0.6383,0.8122,0.396,0.6747,0.6063
141,inconsistent,5,1,Unclear,0.3232,0.5185,0.3669,0.3003,0.4135,0.4996,0.2483,0.633
142,hardworking_struggler,0,0,Not Trying,0.014,0.0933,0.1505,0.1437,0.0,0.0326,0.4241,0.3212
142,hardworking_struggler,1,0,Not Trying,0.2117,0.3119,0.1738,0.1351,0.3302,0.0,0.2396,0.6103
142,hardworking_struggler,2,2,Struggling but Trying,0.574,0.4961,0.3132,0.517,0.6873,0.7289,0.4353,0.6493
142,hardworking_struggler,3,2,Struggling but Trying,0.5153,0.6099,0.1871,0.3461,0.7495,1.0,0.5646,0.6779
142,hardworking_struggler,4,3,Understanding,0.7728,0.5632,0.257,0.6299,0.6891,0.7531,0.7988,0.3518
143,hardworking_struggler,0,2,Struggling but Trying,0.5687,0.5579,0.4042,0.6244,1.0,0.7235,0.4518,0.693
143,hardworking_struggler,1,3,Understanding,0.6938,0.8719,0.0669,0.8189,0.7712,0.7458,0.7205,0.484
143,hardworking_struggler,2,2,Struggling but Trying,0.4293,0.4298,0.2665,0.348,0.851,0.6394,0.3717,0.8342
143,hardworking_struggler,3,3,Understanding,0.5225,0.6908,0.166,0.6562,0.8613,0.6432,0.3836,0.5553
143,hardworking_struggler,4,3,Understanding,0.5241,0.6841,0.2431,0.4984,0.9803,0.6411,0.6613,0.2915
143,hardworking_struggler,5,1,Unclear,0.2366,0.2011,0.6326,0.2406,0.2907,0.626,0.5859,0.8464
143,hardworking_struggler,6,1,Unclear,0.2714,0.1619,0.4402,0.1038,0.2536,0.4996,0.4079,0.6661
144,disengaged,0,1,Unclear,0.1271,0.5199,0.2697,0.5085,0.5927,0.5666,0.4842,0.2992
144,disengaged,1,0,Not Trying,0.1602,0.2425,0.0,0.0148,0.0,0.2537,0.0552,0.647
144,disengaged,2,0,Not Trying,0.0026,0.2021,0.0783,0.079,0.0,0.2809,0.0866,0.2621
144,disengaged,3,0,Not Trying,0.0289,0.1772,0.035,0.2763,0.0793,0.2303,0.3256,0.6304
144,disengaged,4,0,Not Trying,0.0942,0.2236,0.0,0.0,0.0509,0.1743,0.3754,0.5026
145,disengaged,0,1,Unclear,0.2887,0.1622,0.3848,0.1237,0.304,0.6163,0.3796,0.4861
145,disengaged,1,1,Unclear,0.0999,0.1805,0.3618,0.3672,0.4029,0.5783,0.3485,0.6645
145,disengaged,2,1,Unclear,0.206,0.2179,0.2655,0.3107,0.3359,0.8984,0.175,0.6837
145,disengaged,3,1,Unclear,0.2112,0.3153,0.4345,0.246,0.327,0.4441,0.1679,0.6152
145,disengaged,4,1,Unclear,0.2574,0.4059,0.3265,0.2697,0.1435,0.5702,0.2595,0.7971
145,disengaged,5,1,Unclear,0.2312,0.2477,0.3483,0.3418,0.3121,0.4267,0.4233,0.7647
146,disengaged,0,1,Unclear,0.1733,0.3714,0.3651,0.0733,0.3597,0.5669,0.4328,0.7153
146,disengaged,1,0,Not Trying,0.1777,0.1911,0.0,0.0,0.0877,0.2884,0.2366,0.6073
146,disengaged,2,1,Unclear,0.1458,0.1436,0.2603,0.481,0.5969,0.5305,0.267,0.6712
146,disengaged,3,1,Unclear,0.0937,0.2928,0.4935,0.1745,0.2601,0.5017,0.3868,0.6187
146,disengaged,4,0,Not Trying,0.1108,0.3461,0.0874,0.045,0.2433,0.1286,0.1278,0.5325
146,disengaged,5,0,Not Trying,0.0861,0.1403,0.0,0.043,0.208,0.0396,0.2682,0.4496
146,disengaged,6,2,Struggling but Trying,0.4748,0.5443,0.3433,0.4328,0.5525,0.8341,0.3342,0.989
146,disengaged,7,1,Unclear,0.4491,0.256,0.4069,0.4045,0.441,0.4539,0.5163,0.7001
146,disengaged,8,1,Unclear,0.0962,0.4145,0.324,0.3558,0.3782,0.5235,0.3441,0.8023
147,fast_learner,0,2,Struggling but Trying,0.3176,0.3978,0.3283,0.5384,0.4941,0.7501,0.552,0.6913
147,fast_learner,1,1,Unclear,0.3543,0.4295,0.4522,0.0,0.558,0.5827,0.67,0.5983
147,fast_learner,2,2,Struggling but Trying,0.4507,0.4725,0.3654,0.679,0.7395,0.7687,0.468,0.7167
147,fast_learner,3,3,Understanding,0.8037,0.826,0.2284,0.6298,0.4432,0.7307,0.5515,0.4331
147,fast_learner,4,3,Understanding,0.6979,0.5961,0.0,0.7967,0.5836,0.75,0.7741,0.5689
147,fast_learner,5,4,Confident,0.9103,0.9224,0.1873,0.851,0.5295,0.7313,0.9405,0.1685
148,disengaged,0,1,Unclear,0.3625,0.3317,0.3676,0.4079,0.1733,0.4629,0.4578,0.7085
148,disengaged,1,0,Not Trying,0.0,0.0,0.177,0.1539,0.0368,0.2521,0.3969,0.3942
148,disengaged,2,3,Understanding,0.719,0.7904,0.0034,0.6262,0.6707,0.8043,0.6489,0.379
148,disengaged,3,3,Understanding,0.6461,0.6708,0.0,0.5644,0.7619,0.7917,0.7279,0.5216
148,disengaged,4,1,Unclear,0.1752,0.1881,0.2449,0.2156,0.2331,0.5122,0.5128,0.9002
148,disengaged,5,0,Not Trying,0.2641,0.1144,0.0,0.1764,0.0,0.1018,0.3676,0.4867
149,disengaged,0,0,Not Trying,0.052,0.067,0.0,0.0,0.1071,0.2447,0.1959,0.2126
149,disengaged,1,0,Not Trying,0.0,0.0602,0.1689,0.0,0.0,0.2199,0.6065,0.5974
149,disengaged,2,0,Not Trying,0.0859,0.0,0.0,0.0,0.2676,0.3986,0.3511,0.5176
149,disengaged,3,2,Struggling but Trying,0.4281,0.6792,0.3131,0.4822,0.539,0.9794,0.3909,0.5216
149,disengaged,4,1,Unclear,0.1222,0.3368,0.3707,0.2396,0.4432,0.5102,0.4881,0.6536
149,disengaged,5,1,Unclear,0.1936,0.2597,0.2474,0.2747,0.1437,0.5383,0.1023,0.721
149,disengaged,6,2,Struggling but Trying,0.4119,0.5605,0.5304,0.4206,0.732,0.7059,0.2869,0.6571
149,disengaged,7,2,Struggling but Trying,0.4012,0.7249,0.3416,0.4288,0.706,0.6958,0.504,0.537
150,inconsistent,0,2,Struggling but Trying,0.5733,0.6381,0.353,0.5401,0.8454,0.6512,0.1602,0.8068
150,inconsistent,1,2,Struggling but Trying,0.4435,0.512,0.3248,0.6625,0.8498,0.8254,0.3425,0.764
150,inconsistent,2,2,Struggling but Trying,0.4304,0.7618,0.3182,0.604,0.6653,0.9326,0.4988,0.8498
150,inconsistent,3,2,Struggling but Trying,0.5534,0.6272,0.3283,0.5362,0.8573,0.6825,0.3067,0.7431
150,inconsistent,4,2,Struggling but Trying,0.5328,0.4037,0.2529,0.5244,0.7547,0.7553,0.3912,0.7422
151,strong,0,2,Struggling but Trying,0.4294,0.4531,0.3419,0.3755,0.69,0.7867,0.5391,0.7932
151,strong,1,2,Struggling but Trying,0.4013,0.5886,0.1799,0.5406,0.7489,0.7498,0.7504,0.6963
151,strong,2,4,Confident,0.6784,0.7734,0.1028,0.9045,0.6794,0.7929,0.7336,0.1012
151,strong,3,4,Confident,0.8246,0.6086,0.2265,0.7037,0.7204,1.0,0.8316,0.2288
151,strong,4,4,Confident,0.7165,0.8334,0.0863,0.8367,0.6922,0.8026,0.6112,0.3098
151,strong,5,2,Struggling but Trying,0.6474,0.5007,0.2057,0.5439,0.7107,0.8565,0.4035,0.5862
151,strong,6,3,Understanding,0.7263,0.8383,0.1279,0.7476,0.8215,0.7847,0.5441,0.4754
151,strong,7,4,Confident,0.933,0.9248,0.0037,0.7757,0.7358,0.7933,1.0,0.0
151,strong,8,4,Confident,0.8721,0.7128,0.1172,0.7131,0.7072,1.0,0.9813,0.3247
151,strong,9,4,Confident,0.8635,1.0,0.1302,0.7101,0.582,0.8737,0.8427,0.0642
152,fast_learner,0,3,Understanding,0.7442,0.6392,0.1833,0.5903,0.6481,0.6808,0.797,0.4135
152,fast_learner,1,4,Confident,1.0,0.7761,0.0,0.9253,0.709,0.6874,0.7735,0.1961
152,fast_learner,2,3,Understanding,0.716,0.8284,0.1694,0.6129,0.6532,0.823,0.7567,0.5796
152,fast_learner,3,4,Confident,0.8975,0.9084,0.0116,0.6638,0.6532,0.7687,0.9361,0.4137
152,fast_learner,4,4,Confident,0.8203,0.8142,0.1295,0.7366,0.6984,0.6164,0.9128,0.229
152,fast_learner,5,4,Confident,0.854,0.9627,0.0,0.699,0.9003,0.8099,0.9371,0.3022
152,fast_learner,6,4,Confident,0.8452,0.9332,0.1662,0.9301,0.6077,0.9696,0.8035,0.1518
153,strong,0,4,Confident,0.9638,0.864,0.0,0.715,0.7992,0.7893,0.6712,0.3601
153,strong,1,4,Confident,1.0,0.7097,0.0319,0.716,0.6329,0.7367,1.0,0.2686
153,strong,2,4,Confident,0.6971,0.6779,0.0,0.724,0.7231,0.5046,0.8381,0.3836
153,strong,3,3,Understanding,0.5106,0.6199,0.0346,0.6675,0.5536,0.9687,0.6557,0.434
153,strong,4,4,Confident,0.8784,0.89,0.0,0.6355,0.6768,1.0,0.9323,0.2857
153,strong,5,4,Confident,0.9711,0.7142,0.0,0.7329,0.9845,1.0,0.7913,0.1624
153,strong,6,4,Confident,0.8878,0.8662,0.129,0.9093,0.7263,0.8723,0.7589,0.3198
153,strong,7,4,Confident,0.9259,0.8879,0.0569,0.8953,0.5616,0.6616,0.8149,0.0624
154,hardworking_struggler,0,2,Struggling but Trying,0.4643,0.6029,0.3302,0.4857,0.766,0.8948,0.5551,0.7328
154,hardworking_struggler,1,3,Understanding,0.5282,0.6674,0.0,0.8654,0.7716,0.6674,0.5057,0.5837
154,hardworking_struggler,2,2,Struggling but Trying,0.3482,0.4234,0.3114,0.6245,0.8931,0.9358,0.4001,0.8827
154,hardworking_struggler,3,2,Struggling but Trying,0.2679,0.4329,0.2194,0.4742,0.6349,0.7401,0.4806,0.973
154,hardworking_struggler,4,2,Struggling but Trying,0.3212,0.4209,0.3766,0.5254,0.6631,0.8932,0.5243,0.7476
154,hardworking_struggler,5,3,Understanding,0.727,0.6767,0.0959,0.5885,0.811,0.7825,0.7846,0.6237
154,hardworking_struggler,6,3,Understanding,0.6494,0.804,0.1666,0.9624,0.7372,0.8407,0.6878,0.4371
154,hardworking_struggler,7,3,Understanding,0.7294,0.7521,0.2354,0.6871,0.6445,0.7075,0.478,0.666
154,hardworking_struggler,8,3,Understanding,0.7967,0.7277,0.1504,0.6359,0.6055,0.6241,0.8747,0.4648
155,hardworking_struggler,0,2,Struggling but Trying,0.4545,0.3843,0.2815,0.6205,0.6901,0.7578,0.3775,1.0
155,hardworking_struggler,1,3,Understanding,0.7502,0.6747,0.0559,0.6167,0.7801,0.8442,0.6742,0.5921
155,hardworking_struggler,2,3,Understanding,0.7816,0.6454,0.1694,0.7099,0.6021,0.546,0.387,0.4591
155,hardworking_struggler,3,2,Struggling but Trying,0.3318,0.6046,0.3152,0.7119,0.7945,0.6614,0.4596,0.8371
155,hardworking_struggler,4,1,Unclear,0.1058,0.36,0.2499,0.4345,0.3011,0.7242,0.0739,0.7175
155,hardworking_struggler,5,1,Unclear,0.3652,0.4929,0.261,0.2809,0.3016,0.4111,0.3818,0.5316
155,hardworking_struggler,6,2,Struggling but Trying,0.5016,0.4785,0.2,0.6736,0.8376,0.6646,0.2318,0.6262
155,hardworking_struggler,7,2,Struggling but Trying,0.3174,0.5545,0.3276,0.6448,0.7109,0.6798,0.5195,0.6781
155,hardworking_struggler,8,2,Struggling but Trying,0.295,0.443,0.4009,0.464,0.8477,0.497,0.3273,0.7277
155,hardworking_struggler,9,2,Struggling but Trying,0.3331,0.5671,0.4057,0.4634,0.7052,0.8184,0.2074,0.6908
156,hardworking_struggler,0,2,Struggling but Trying,0.4613,0.5581,0.3772,0.4832,0.9342,0.9711,0.488,0.6404
156,hardworking_struggler,1,3,Understanding,0.6673,0.7061,0.0,0.7094,0.8545,0.8249,0.5621,0.3467
156,hardworking_struggler,2,3,Understanding,0.6847,0.7443,0.1802,0.781,0.5641,0.7788,0.6027,0.4372
156,hardworking_struggler,3,3,Understanding,0.7973,0.8398,0.1626,0.6368,0.6697,0.5245,0.8242,0.4082
156,hardworking_struggler,4,1,Unclear,0.3179,0.2255,0.2577,0.4856,0.3849,0.4245,0.3336,0.8412
156,hardworking_struggler,5,2,Struggling but Trying,0.3034,0.6634,0.3966,0.5317,0.607,0.937,0.4619,0.5605
156,hardworking_struggler,6,2,Struggling but Trying,0.7626,0.5017,0.2258,0.429,0.9627,0.9102,0.583,0.7823
157,hardworking_struggler,0,0,Not Trying,0.1882,0.1819,0.0374,0.0577,0.0,0.0,0.4081,0.4513
157,hardworking_struggler,1,0,Not Trying,0.1331,0.2897,0.1534,0.2814,0.1203,0.2393,0.3313,0.3329
157,hardworking_struggler,2,1,Unclear,0.0055,0.2914,0.3523,0.2052,0.2958,0.7391,0.4935,0.6108
157,hardworking_struggler,3,1,Unclear,0.1223,0.4205,0.325,0.064,0.3621,0.5571,0.4752,0.6905
157,hardworking_struggler,4,2,Struggling but Trying,0.6486,0.5007,0.372,0.4853,0.8328,0.6108,0.3399,0.5929
157,hardworking_struggler,5,3,Understanding,0.825,0.6388,0.1918,0.8321,0.6967,0.8792,0.719,0.4651
158,strong,0,4,Confident,0.7841,0.7482,0.1494,0.9355,0.6856,0.5223,0.7623,0.3212
158,strong,1,3,Understanding,0.718,0.6477,0.2214,0.6912,0.7704,0.7707,0.7182,0.5096
158,strong,2,4,Confident,0.9173,0.9292,0.1655,0.8499,0.6342,0.6945,0.7934,0.2746
158,strong,3,3,Understanding,0.5876,0.587,0.0,0.2757,0.6842,1.0,0.8836,0.3228
158,strong,4,3,Understanding,0.5535,0.5688,0.0003,0.6229,0.6781,0.7829,0.7362,0.4062
158,strong,5,4,Confident,0.7706,0.7156,0.0,0.8779,0.7095,0.5568,0.8418,0.0877
158,strong,6,4,Confident,0.8221,0.9182,0.1589,0.6854,0.7591,0.872,0.865,0.2969
158,strong,7,4,Confident,0.9354,0.8014,0.0849,0.9104,0.8303,0.8453,0.9335,0.3395
158,strong,8,4,Confident,0.8766,0.8664,0.1432,0.7412,0.5898,0.8641,0.8232,0.093
159,strong,0,3,Understanding,0.4463,0.66,0.3041,0.6106,0.7108,0.8492,0.4269,0.4594
159,strong,1,3,Understanding,0.8862,0.5764,0.0818,0.5386,0.5759,0.8966,0.6535,0.3778
159,strong,2,2,Struggling but Trying,0.3937,0.4526,0.1736,0.519,0.7069,0.7015,0.4202,0.7812
159,strong,3,3,Understanding,0.6856,0.9159,0.332,0.5235,0.5903,0.6123,0.7874,0.3982
159,strong,4,4,Confident,1.0,0.849,0.1206,0.8625,0.6794,0.9377,0.7395,0.4242
159,strong,5,4,Confident,0.8322,0.7412,0.0,0.7488,0.4582,0.7697,0.784,0.3527
159,strong,6,3,Understanding,0.6292,0.6541,0.0965,0.8283,0.6013,0.6564,0.5033,0.2573
160,inconsistent,0,2,Struggling but Trying,0.5541,0.7397,0.2926,0.5187,0.594,0.8906,0.4154,0.8347
160,inconsistent,1,2,Struggling but Trying,0.4852,0.5205,0.3139,0.468,0.8927,1.0,0.2557,0.8437
160,inconsistent,2,2,Struggling but Trying,0.5169,0.313,0.2475,0.3924,0.7241,0.909,0.1585,0.7033
160,inconsistent,3,3,Understanding,0.8581,0.7432,0.0023,0.5934,0.8867,0.8429,0.5306,0.4153
160,inconsistent,4,1,Unclear,0.1962,0.179,0.2822,0.4667,0.3043,0.4866,0.3683,0.9884
160,inconsistent,5,3,Understanding,0.8094,0.6402,0.0941,0.6515,0.6071,0.7235,0.7654,0.346
160,inconsistent,6,1,Unclear,0.3209,0.2676,0.4595,0.3087,0.3302,0.2389,0.3014,0.7483
160,inconsistent,7,3,Understanding,0.7568,0.8126,0.0,0.6348,0.8465,0.6346,0.7755,0.5453
160,inconsistent,8,1,Unclear,0.2171,0.2514,0.5275,0.3758,0.3909,0.4463,0.3549,0.7214
160,inconsistent,9,2,Struggling but Trying,0.5234,0.4218,0.1533,0.5601,0.5403,0.7579,0.3338,0.8139
161,inconsistent,0,3,Understanding,0.7348,0.5585,0.2197,0.655,0.6926,0.4981,0.6596,0.56
161,inconsistent,1,3,Understanding,0.8174,0.8133,0.0559,0.8414,0.7054,0.7565,0.6629,0.459
161,inconsistent,2,2,Struggling but Trying,0.4314,0.3636,0.4626,0.7403,0.8522,0.769,0.269,0.6645
161,inconsistent,3,3,Understanding,0.6308,0.4644,0.223,0.8301,0.8991,0.885,0.8062,0.4569
161,inconsistent,4,3,Understanding,0.7028,0.7622,0.1065,0.6283,0.5843,0.6198,0.889,0.6937
161,inconsistent,5,1,Unclear,0.2782,0.2519,0.4143,0.5112,0.1665,0.5603,0.4201,0.7686
162,disengaged,0,0,Not Trying,0.1173,0.1584,0.0368,0.0825,0.1406,0.2282,0.1854,0.4397
162,disengaged,1,0,Not Trying,0.0,0.1814,0.1418,0.1675,0.0,0.1249,0.5021,0.4786
162,disengaged,2,0,Not Trying,0.0325,0.2633,0.2172,0.1836,0.0632,0.0866,0.5503,0.6113
162,disengaged,3,2,Struggling but Trying,0.5924,0.4464,0.4411,0.7274,0.6394,0.8756,0.5017,1.0
162,disengaged,4,3,Understanding,0.8433,0.7017,0.0,0.6356,0.7003,0.6123,0.6906,0.5745
163,disengaged,0,1,Unclear,0.2717,0.461,0.3772,0.1317,0.2825,0.5216,0.4961,0.8687
163,disengaged,1,1,Unclear,0.2631,0.4263,0.2046,0.3516,0.221,0.4919,0.7439,0.7395
163,disengaged,2,1,Unclear,0.2908,0.2983,0.2539,0.5524,0.478,0.5449,0.2991,0.6596
163,disengaged,3,0,Not Trying,0.0807,0.0,0.3421,0.072,0.1012,0.3413,0.3605,0.5971
163,disengaged,4,0,Not Trying,0.0,0.178,0.2432,0.0,0.0,0.3587,0.2406,0.4466
163,disengaged,5,0,Not Trying,0.0435,0.0,0.0461,0.0776,0.0868,0.3505,0.5391,0.6966
163,disengaged,6,0,Not Trying,0.0351,0.0877,0.1018,0.1203,0.1586,0.281,0.2842,0.6023
164,hardworking_struggler,0,1,Unclear,0.1666,0.2642,0.2819,0.3308,0.4124,0.3161,0.2845,0.7316
164,hardworking_struggler,1,1,Unclear,0.2934,0.3193,0.2777,0.3064,0.3971,0.3897,0.3185,0.7608
164,hardworking_struggler,2,1,Unclear,0.0842,0.1963,0.3082,0.1418,0.3083,0.7164,0.1708,0.6633
164,hardworking_struggler,3,3,Understanding,0.7408,0.6632,0.1043,0.7015,0.9035,0.681,0.5515,0.2708
164,hardworking_struggler,4,3,Understanding,0.5594,0.6536,0.0291,0.7789,0.639,0.8016,0.4415,0.4671
164,hardworking_struggler,5,3,Understanding,0.6574,0.9211,0.2132,0.6346,1.0,0.631,0.8015,0.2508
165,fast_learner,0,1,Unclear,0.2192,0.4592,0.2933,0.3392,0.4485,0.3072,0.2527,0.707
165,fast_learner,1,3,Understanding,0.8421,0.6784,0.0884,0.5453,0.7396,0.7114,0.6144,0.4378
165,fast_learner,2,4,Confident,0.8236,0.7728,0.0932,0.4369,0.6776,0.6503,1.0,0.1927
165,fast_learner,3,4,Confident,0.8751,0.7905,0.0097,0.8117,0.6994,0.7442,0.7187,0.1
165,fast_learner,4,4,Confident,0.9107,0.7072,0.126,0.8917,0.867,0.839,0.9328,0.5341
165,fast_learner,5,4,Confident,0.7754,0.6966,0.2256,1.0,0.639,0.7054,0.8079,0.4092
165,fast_learner,6,4,Confident,0.6833,1.0,0.0812,0.8545,0.7254,0.8606,0.6532,0.1407
165,fast_learner,7,1,Unclear,0.0229,0.3197,0.3136,0.2637,0.2839,0.3705,0.1131,0.7188
165,fast_learner,8,2,Struggling but Trying,0.3125,0.5063,0.2705,0.4947,0.4912,0.8888,0.2397,0.7582
166,strong,0,3,Understanding,0.7532,0.813,0.153,0.6975,0.4863,0.7087,0.6208,0.6091
166,strong,1,2,Struggling but Trying,0.4765,0.5226,0.4158,0.534,0.8493,0.5784,0.1902,0.4532
166,strong,2,3,Understanding,0.6582,0.7674,0.2097,0.5687,0.6324,0.7343,0.8377,0.6702
166,strong,3,4,Confident,0.9131,0.9835,0.0244,0.7531,0.7345,0.6728,0.8272,0.1047
166,strong,4,4,Confident,0.9344,0.993,0.0,1.0,0.5613,0.6442,0.7693,0.42
166,strong,5,4,Confident,0.8556,0.7707,0.0,0.9359,0.8458,0.9758,0.9016,0.0
166,strong,6,4,Confident,0.9265,0.813,0.0,0.6676,0.8637,0.8593,0.9152,0.1676
166,strong,7,4,Confident,0.7462,0.837,0.0,0.6118,0.7113,1.0,0.6159,0.0883
166,strong,8,4,Confident,1.0,0.8702,0.1202,0.7595,0.6887,0.8107,0.7644,0.3442
166,strong,9,3,Understanding,0.789,0.7039,0.0985,0.4528,0.5824,0.9058,0.6229,0.4862
167,fast_learner,0,1,Unclear,0.2871,0.3821,0.2596,0.259,0.4145,0.4725,0.3127,0.9475
167,fast_learner,1,3,Understanding,0.808,0.5845,0.1855,0.735,0.6388,0.5917,0.3938,0.37
167,fast_learner,2,4,Confident,0.7722,0.8597,0.0,0.7719,0.6124,0.7899,0.7849,0.0953
167,fast_learner,3,4,Confident,0.7866,0.7186,0.1583,0.7568,0.4857,0.719,0.9689,0.151
167,fast_learner,4,4,Confident,0.7943,0.9003,0.1537,0.854,0.5851,0.6775,1.0,0.1454
167,fast_learner,5,4,Confident,0.837,0.8641,0.0,0.727,0.645,0.8293,0.8621,0.3101
167,fast_learner,6,4,Confident,0.787,0.8683,0.0,0.9294,0.7363,0.7576,0.9101,0.2401
167,fast_learner,7,4,Confident,0.7739,0.9558,0.0584,0.5982,0.7923,0.7273,0.7363,0.1012
168,strong,0,3,Understanding,0.712,0.8578,0.1754,0.5485,0.8835,0.5738,0.6845,0.5134
168,strong,1,4,Confident,0.9498,0.7986,0.1195,0.5792,0.7902,0.7464,0.9995,0.2443
168,strong,2,3,Understanding,0.7508,0.6872,0.1988,0.7453,0.7566,0.452,0.5223,0.6299
168,strong,3,3,Understanding,0.7882,0.7706,0.0474,0.4106,0.6317,1.0,0.5378,0.3467
168,strong,4,4,Confident,1.0,0.8257,0.0,0.9696,0.8195,0.6805,0.6909,0.4006
169,strong,0,4,Confident,0.9121,0.7384,0.0,0.5545,0.6181,0.6805,0.7899,0.4701
169,strong,1,4,Confident,0.8632,0.9009,0.0263,0.848,0.7837,0.8159,1.0,0.3684
169,strong,2,4,Confident,0.917,0.7708,0.0946,0.635,0.6171,0.8447,0.9797,0.3153
169,strong,3,4,Confident,0.9174,0.8672,0.0,0.8976,0.873,0.7918,0.8348,0.4569
169,strong,4,4,Confident,0.8876,0.8984,0.0402,0.7016,0.7954,0.795,1.0,0.3525
169,strong,5,4,Confident,0.9529,0.8808,0.1809,0.7371,0.7726,0.7871,0.8576,0.1349
169,strong,6,4,Confident,0.9218,0.9785,0.049,0.7506,0.8447,0.6968,0.991,0.3908
169,strong,7,4,Confident,0.9177,0.8014,0.0609,0.8456,0.6828,0.9733,0.9254,0.134
170,disengaged,0,0,Not Trying,0.0,0.2988,0.2825,0.1711,0.2183,0.3582,0.3724,0.5428
170,disengaged,1,0,Not Trying,0.1236,0.0758,0.1732,0.225,0.0352,0.1593,0.362,0.4155
170,disengaged,2,0,Not Trying,0.1648,0.1049,0.1018,0.0,0.2132,0.3109,0.2687,0.3466
170,disengaged,3,0,Not Trying,0.107,0.1689,0.1109,0.0754,0.1511,0.1946,0.3585,0.3717
170,disengaged,4,0,Not Trying,0.0216,0.1704,0.1566,0.0007,0.0609,0.1994,0.1812,0.557
171,hardworking_struggler,0,1,Unclear,0.0763,0.2707,0.4889,0.7981,0.4934,0.6348,0.4182,0.5898
171,hardworking_struggler,1,1,Unclear,0.1399,0.2289,0.2226,0.4171,0.3431,0.5131,0.348,0.5537
171,hardworking_struggler,2,1,Unclear,0.188,0.2095,0.2996,0.1702,0.4193,0.5859,0.1818,0.6614
171,hardworking_struggler,3,3,Understanding,0.6019,0.7427,0.1306,0.7811,0.7355,0.6939,0.6587,0.4606
171,hardworking_struggler,4,3,Understanding,0.5681,0.8243,0.2266,0.5247,0.6639,0.7207,0.4997,0.2073
171,hardworking_struggler,5,3,Understanding,0.6644,0.5559,0.1377,0.7895,0.8011,0.7335,0.4107,0.543
171,hardworking_struggler,6,3,Understanding,0.7424,0.8936,0.0375,0.305,0.5736,0.8132,0.6535,0.292
171,hardworking_struggler,7,3,Understanding,0.6645,0.5754,0.1721,0.6006,0.6247,0.6514,0.6842,0.4555
171,hardworking_struggler,8,4,Confident,0.898,0.8428,0.0,0.7124,0.7026,1.0,0.6747,0.1955
172,fast_learner,0,1,Unclear,0.2192,0.3265,0.4315,0.5173,0.5189,0.4822,0.3436,0.7061
172,fast_learner,1,3,Understanding,0.6153,0.7937,0.1407,0.6446,0.5475,0.7581,0.4039,0.3744
172,fast_learner,2,3,Understanding,0.7287,0.888,0.1772,0.8238,0.7774,0.8963,0.8914,0.3549
172,fast_learner,3,2,Struggling but Trying,0.5169,0.4996,0.322,0.5202,0.6784,1.0,0.257,0.8392
172,fast_learner,4,2,Struggling but Trying,0.2921,0.4169,0.2337,0.6178,0.706,0.7889,0.2105,1.0
172,fast_learner,5,2,Struggling but Trying,0.4999,0.4459,0.2347,0.7795,0.52,0.8362,0.2425,0.6973
173,fast_learner,0,1,Unclear,0.2185,0.341,0.2141,0.4816,0.2787,0.4691,0.273,0.6894
173,fast_learner,1,1,Unclear,0.4973,0.4246,0.4588,0.506,0.3799,0.7041,0.453,0.7187
173,fast_learner,2,3,Understanding,0.5179,0.7292,0.0,0.455,0.7231,0.6052,0.6491,0.468
173,fast_learner,3,3,Understanding,0.6096,0.7899,0.1111,0.7029,0.5564,0.7268,0.7926,0.5761
173,fast_learner,4,4,Confident,0.8254,0.7511,0.0,0.6321,0.7334,0.8823,0.7479,0.2382
173,fast_learner,5,3,Understanding,0.8055,0.6388,0.0625,0.5485,0.5635,0.8188,0.6324,0.4571
173,fast_learner,6,3,Understanding,0.8332,0.5354,0.1848,0.6771,0.6446,0.7926,0.4256,0.6401
174,inconsistent,0,1,Unclear,0.0797,0.3186,0.3017,0.141,0.4432,0.666,0.3464,0.6603
174,inconsistent,1,3,Understanding,0.698,0.5918,0.0547,0.6144,0.7298,0.7512,0.6773,0.2518
174,inconsistent,2,3,Understanding,0.7003,0.9553,0.0812,0.6888,1.0,0.7752,0.6412,0.3217
174,inconsistent,3,4,Confident,0.7641,0.8927,0.0026,0.7773,0.5791,0.9746,0.8139,0.092
174,inconsistent,4,1,Unclear,0.1996,0.3835,0.4341,0.3569,0.0864,0.5904,0.3369,0.6572
174,inconsistent,5,2,Struggling but Trying,0.289,0.5192,0.1636,0.5157,0.7688,0.9396,0.2935,0.9387
175,inconsistent,0,3,Understanding,0.7272,0.6263,0.2399,0.5685,0.5919,0.7804,0.5608,0.4511
175,inconsistent,1,3,Understanding,0.7117,0.7121,0.1405,0.4468,0.747,0.7708,0.7661,0.5288
175,inconsistent,2,3,Understanding,0.8032,0.6707,0.1447,0.6127,0.7554,0.7011,0.8642,0.7123
175,inconsistent,3,3,Understanding,0.8541,0.5461,0.0,0.6114,0.7049,0.7242,0.4365,0.5997
175,inconsistent,4,1,Unclear,0.3781,0.4586,0.3726,0.1988,0.3587,0.7737,0.3042,0.6409
175,inconsistent,5,3,Understanding,0.8174,0.6152,0.0939,0.5898,0.7084,0.8935,0.5455,0.5917
175,inconsistent,6,3,Understanding,0.9326,0.7319,0.1103,0.719,0.6595,0.5166,0.6187,0.4167
175,inconsistent,7,1,Unclear,0.2427,0.1433,0.3152,0.3292,0.3616,0.4466,0.3389,0.5981
175,inconsistent,8,3,Understanding,0.7058,0.61,0.1468,0.6814,0.6801,1.0,0.6317,0.4137
175,inconsistent,9,1,Unclear,0.1529,0.4186,0.2814,0.2318,0.2854,0.372,0.1224,0.6398
176,disengaged,0,1,Unclear,0.3251,0.4024,0.5383,0.2883,0.3576,0.4985,0.5507,0.7003
176,disengaged,1,2,Struggling but Trying,0.5088,0.4184,0.3533,0.5997,0.7273,0.8736,0.2066,0.7712
176,disengaged,2,2,Struggling but Trying,0.7362,0.5156,0.2404,0.3846,0.9066,0.7545,0.2971,0.7937
176,disengaged,3,1,Unclear,0.3134,0.352,0.3659,0.3278,0.3904,0.5552,0.4923,0.7073
176,disengaged,4,1,Unclear,0.2356,0.4254,0.1713,0.0863,0.4602,0.6976,0.1855,0.7131
177,fast_learner,0,3,Understanding,0.5893,0.6699,0.1055,0.5149,0.7948,0.6957,0.5952,0.4867
177,fast_learner,1,4,Confident,0.9637,0.7567,0.0,0.7628,0.7572,0.6387,0.6696,0.2737
177,fast_learner,2,4,Confident,0.7347,0.9465,0.0,0.938,0.7534,0.8383,0.8225,0.0
177,fast_learner,3,4,Confident,0.8674,0.8865,0.0,0.7936,0.6153,0.8305,0.8475,0.3467
177,fast_learner,4,4,Confident,0.9259,0.936,0.015,1.0,0.6037,0.7314,0.9672,0.3479
178,disengaged,0,1,Unclear,0.4089,0.3296,0.4746,0.056,0.3808,0.4267,0.4244,0.7412
178,disengaged,1,0,Not Trying,0.0,0.1443,0.082,0.1094,0.1787,0.2196,0.1341,0.514
178,disengaged,2,1,Unclear,0.4146,0.0526,0.3563,0.4119,0.3281,0.4402,0.3153,0.7718
178,disengaged,3,0,Not Trying,0.1689,0.1444,0.0065,0.1849,0.0,0.1278,0.2257,0.7787
178,disengaged,4,2,Struggling but Trying,0.2345,0.4418,0.3456,0.6441,1.0,0.9829,0.4244,0.6341
179,disengaged,0,1,Unclear,0.1248,0.3035,0.3267,0.3877,0.3034,0.3352,0.1415,0.7272
179,disengaged,1,0,Not Trying,0.0,0.1033,0.1388,0.2169,0.0,0.2116,0.4246,0.3991
179,disengaged,2,1,Unclear,0.2462,0.2189,0.3668,0.3038,0.4166,0.3457,0.3513,0.8796
179,disengaged,3,1,Unclear,0.2866,0.478,0.2323,0.3541,0.292,0.5369,0.2496,0.4772
179,disengaged,4,1,Unclear,0.3223,0.3788,0.3903,0.326,0.3985,0.5688,0.3143,0.7108
179,disengaged,5,3,Understanding,0.7142,0.7043,0.1303,0.6239,0.6478,0.7771,0.5843,0.4311
179,disengaged,6,1,Unclear,0.2608,0.4084,0.3288,0.059,0.4208,0.5156,0.2209,0.8005
179,disengaged,7,3,Understanding,0.8045,0.6943,0.0,0.6714,0.6513,0.6776,0.5541,0.4335
180,hardworking_struggler,0,1,Unclear,0.2256,0.2768,0.2372,0.3925,0.1942,0.5174,0.2741,0.6317
180,hardworking_struggler,1,2,Struggling but Trying,0.388,0.5009,0.3235,0.4557,0.7391,0.9155,0.1839,0.7492
180,hardworking_struggler,2,1,Unclear,0.1447,0.3761,0.2955,0.154,0.5089,0.6196,0.0988,0.5083
180,hardworking_struggler,3,1,Unclear,0.2215,0.5001,0.4116,0.3359,0.2274,0.5639,0.1842,0.8697
180,hardworking_struggler,4,2,Struggling but Trying,0.3675,0.5805,0.5242,0.5239,0.816,0.7439,0.4111,0.5541
180,hardworking_struggler,5,0,Not Trying,0.0544,0.3299,0.0,0.0163,0.2146,0.1686,0.2777,0.3917
181,inconsistent,0,1,Unclear,0.2618,0.2712,0.302,0.2457,0.3442,0.4313,0.212,0.7111
181,inconsistent,1,1,Unclear,0.2628,0.289,0.3377,0.0539,0.3333,0.448,0.2287,0.6022
181,inconsistent,2,2,Struggling but Trying,0.5492,0.6092,0.2072,0.4878,0.6909,0.9052,0.4189,0.7621
181,inconsistent,3,1,Unclear,0.1904,0.4864,0.3498,0.1973,0.3224,0.6602,0.2947,0.8234
181,inconsistent,4,3,Understanding,0.6234,0.766,0.0326,0.7487,0.7422,0.6364,0.6407,0.3787
181,inconsistent,5,1,Unclear,0.4388,0.3129,0.4034,0.3029,0.3529,0.4785,0.2385,0.7436
181,inconsistent,6,1,Unclear,0.1595,0.4514,0.3599,0.2726,0.5108,0.2613,0.5155,0.5856
182,hardworking_struggler,0,1,Unclear,0.3814,0.5356,0.3279,0.3403,0.3568,0.725,0.0753,0.749
182,hardworking_struggler,1,2,Struggling but Trying,0.2144,0.4639,0.4848,0.4713,0.8449,0.9558,0.3983,0.7657
182,hardworking_struggler,2,2,Struggling but Trying,0.3784,0.5907,0.3061,0.5941,0.766,1.0,0.344,0.9587
182,hardworking_struggler,3,2,Struggling but Trying,0.6194,0.3775,0.3185,0.5028,0.7667,0.9589,0.4492,0.9086
182,hardworking_struggler,4,2,Struggling but Trying,0.3677,0.5016,0.2961,0.5277,0.635,0.9558,0.3528,0.9354
183,inconsistent,0,3,Understanding,0.7367,0.8928,0.1452,0.7582,0.7832,0.7899,0.6742,0.5212
183,inconsistent,1,4,Confident,0.7448,0.8747,0.0316,0.753,0.9055,0.7047,0.6687,0.3534
183,inconsistent,2,3,Understanding,0.5072,0.7908,0.1359,0.7067,0.6469,0.57,0.4958,0.4146
183,inconsistent,3,2,Struggling but Trying,0.4807,0.4538,0.3185,0.5686,0.7964,0.8649,0.3553,0.7739
183,inconsistent,4,3,Understanding,0.4571,0.7647,0.135,0.7177,0.5456,0.7089,0.5081,0.5468
183,inconsistent,5,4,Confident,0.7871,0.9034,0.0,0.6886,0.8588,0.9232,0.9439,0.3603
183,inconsistent,6,4,Confident,0.8595,0.7852,0.0668,0.7367,0.698,0.878,1.0,0.3018
183,inconsistent,7,2,Struggling but Trying,0.3794,0.3162,0.3715,0.4574,0.7172,0.5699,0.2831,0.5547
183,inconsistent,8,1,Unclear,0.2105,0.359,0.474,0.3812,0.1553,0.579,0.3645,0.6873
184,inconsistent,0,2,Struggling but Trying,0.4318,0.6184,0.2296,0.4264,0.7426,0.653,0.176,0.7052
184,inconsistent,1,2,Struggling but Trying,0.4461,0.5179,0.087,0.6026,0.7612,0.7136,0.4234,0.7721
184,inconsistent,2,3,Understanding,0.7332,0.8197,0.0972,0.5459,0.6787,0.8611,0.4906,0.5252
184,inconsistent,3,2,Struggling but Trying,0.4742,0.4436,0.2433,0.7328,0.5809,0.8631,0.6251,0.8391
184,inconsistent,4,3,Understanding,0.5718,0.6248,0.1358,0.6771,0.5474,0.6365,0.5445,0.4265
185,hardworking_struggler,0,1,Unclear,0.3136,0.3459,0.2604,0.2565,0.255,0.5385,0.699,0.7716
185,hardworking_struggler,1,2,Struggling but Trying,0.3835,0.3657,0.3734,0.6315,0.6941,0.9577,0.4027,0.8507
185,hardworking_struggler,2,2,Struggling but Trying,0.4323,0.4045,0.2854,0.651,0.689,0.8572,0.2592,0.8514
185,hardworking_struggler,3,0,Not Trying,0.0,0.1276,0.1931,0.0,0.0,0.191,0.5773,0.4126
185,hardworking_struggler,4,1,Unclear,0.276,0.291,0.3661,0.2463,0.3071,0.284,0.3468,0.8169
185,hardworking_struggler,5,2,Struggling but Trying,0.5591,0.558,0.294,0.4746,0.6916,0.6088,0.3653,0.769
185,hardworking_struggler,6,2,Struggling but Trying,0.5028,0.4135,0.1561,0.5252,0.8474,0.7713,0.4705,0.7265
185,hardworking_struggler,7,2,Struggling but Trying,0.2903,0.6604,0.1888,0.6452,0.7173,0.7849,0.3687,0.7832
185,hardworking_struggler,8,2,Struggling but Trying,0.5558,0.6408,0.3332,0.7556,0.7612,0.9401,0.4557,0.6786
186,hardworking_struggler,0,1,Unclear,0.2913,0.4365,0.3477,0.0,0.5514,0.4613,0.243,0.5539
186,hardworking_struggler,1,1,Unclear,0.1937,0.2763,0.2818,0.3636,0.5936,0.6067,0.4959,0.6509
186,hardworking_struggler,2,1,Unclear,0.2368,0.3605,0.3926,0.2209,0.2989,0.6111,0.4917,0.7088
186,hardworking_struggler,3,1,Unclear,0.2204,0.2059,0.3575,0.3306,0.3175,0.5314,0.4042,0.7334
186,hardworking_struggler,4,1,Unclear,0.2247,0.391,0.5079,0.2674,0.4161,0.6142,0.3244,0.8493
186,hardworking_struggler,5,1,Unclear,0.388,0.3958,0.586,0.2262,0.6049,0.5999,0.5243,0.6584
186,hardworking_struggler,6,2,Struggling but Trying,0.5927,0.3913,0.2837,0.293,0.7286,0.6939,0.3717,1.0
187,inconsistent,0,4,Confident,0.8462,0.8678,0.0776,0.6384,0.6262,0.8224,0.8629,0.1579
187,inconsistent,1,2,Struggling but Trying,0.441,0.5886,0.2924,0.7447,0.6665,0.8251,0.3539,0.8264
187,inconsistent,2,1,Unclear,0.4427,0.1809,0.5215,0.3108,0.4163,0.6735,0.4615,0.6051
187,inconsistent,3,2,Struggling but Trying,0.6367,0.4113,0.5118,0.5963,0.698,0.6839,0.371,0.4958
187,inconsistent,4,3,Understanding,0.6737,0.5926,0.1948,0.6237,0.6237,0.7077,0.6962,0.4595
187,inconsistent,5,3,Understanding,0.7126,0.6949,0.0061,0.6154,0.7695,0.8244,0.6201,0.538
187,inconsistent,6,4,Confident,0.7851,0.8249,0.1998,0.8196,0.717,1.0,0.8127,0.5405
188,hardworking_struggler,0,1,Unclear,0.2251,0.2692,0.6102,0.3382,0.4057,0.44,0.2749,0.8333
188,hardworking_struggler,1,1,Unclear,0.1357,0.3253,0.4851,0.2551,0.3999,0.5036,0.5185,0.494
188,hardworking_struggler,2,2,Struggling but Trying,0.4301,0.5925,0.2181,0.5529,0.7377,0.6697,0.2335,0.6745
188,hardworking_struggler,3,2,Struggling but Trying,0.3743,0.467,0.1114,0.5055,0.8728,0.8917,0.3887,0.7817
188,hardworking_struggler,4,2,Struggling but Trying,0.6124,0.7068,0.3165,0.8609,0.6684,0.6374,0.3077,0.7215
188,hardworking_struggler,5,2,Struggling but Trying,0.4219,0.414,0.2102,0.6868,0.8697,0.7369,0.1561,0.6033
188,hardworking_struggler,6,2,Struggling but Trying,0.5189,0.5065,0.4869,0.785,0.7457,0.7977,0.3243,0.713
188,hardworking_struggler,7,2,Struggling but Trying,0.301,0.3277,0.4084,0.3626,0.984,0.7051,0.6259,0.7025
188,hardworking_struggler,8,2,Struggling but Trying,0.5784,0.6402,0.2094,0.5102,0.6413,0.7843,0.414,0.7043
189,fast_learner,0,1,Unclear,0.2173,0.2569,0.289,0.4691,0.2132,0.5937,0.3561,0.7318
189,fast_learner,1,3,Understanding,0.6648,0.6994,0.0679,0.6898,0.7549,1.0,0.6862,0.2014
189,fast_learner,2,3,Understanding,0.6796,0.9012,0.2671,0.5894,0.7866,0.6728,0.6503,0.5379
189,fast_learner,3,4,Confident,0.9695,0.8575,0.2983,0.7562,0.5571,0.6161,1.0,0.24
189,fast_learner,4,4,Confident,0.8257,0.8047,0.0,0.8565,0.7383,0.8566,0.8941,0.1946
189,fast_learner,5,4,Confident,0.7254,1.0,0.1978,0.9608,0.669,0.8012,0.744,0.0794
190,fast_learner,0,1,Unclear,0.153,0.3185,0.4249,0.2315,0.3596,0.5522,0.4008,0.733
190,fast_learner,1,3,Understanding,0.6449,0.5866,0.0,0.6362,0.798,0.5706,0.6855,0.552
190,fast_learner,2,3,Understanding,0.6729,0.8646,0.1752,0.4255,0.779,0.6528,0.7399,0.3603
190,fast_learner,3,0,Not Trying,0.0,0.1503,0.0433,0.0232,0.0,0.2638,0.3228,0.2899
190,fast_learner,4,2,Struggling but Trying,0.4324,0.5162,0.3765,0.5894,0.8898,0.7619,0.5345,0.766
190,fast_learner,5,1,Unclear,0.2904,0.4741,0.4221,0.2468,0.273,0.4935,0.2512,0.5632
190,fast_learner,6,2,Struggling but Trying,0.2951,0.6985,0.2343,0.7784,0.7984,0.7935,0.2049,0.7506
190,fast_learner,7,3,Understanding,0.8558,0.7274,0.0051,0.5351,0.5977,0.9162,0.8621,0.4755
191,fast_learner,0,3,Understanding,0.7463,0.6137,0.0564,0.5644,0.87,0.9989,0.6649,0.4151
191,fast_learner,1,4,Confident,0.8802,0.795,0.0403,0.8496,0.7014,0.7754,0.8259,0.2087
191,fast_learner,2,4,Confident,0.9562,0.6729,0.2074,0.8163,0.8232,0.8943,0.758,0.1311
191,fast_learner,3,4,Confident,0.8553,0.9199,0.0,0.873,0.4658,0.7499,1.0,0.2278
191,fast_learner,4,4,Confident,0.8143,0.5472,0.0,0.9269,0.6801,0.7396,0.5469,0.038
191,fast_learner,5,3,Understanding,0.7617,0.5703,0.0569,0.6465,0.5565,0.4895,0.6293,0.5244
191,fast_learner,6,4,Confident,0.9675,0.6946,0.0558,0.7678,0.7395,0.7725,0.7641,0.0
191,fast_learner,7,4,Confident,0.913,0.7016,0.0973,0.7463,0.6997,0.7001,0.9198,0.146
192,fast_learner,0,1,Unclear,0.2353,0.4192,0.2832,0.2438,0.3867,0.2996,0.3787,0.6018
192,fast_learner,1,3,Understanding,0.7547,0.7415,0.0,0.6376,0.5587,0.7452,0.349,0.2497
192,fast_learner,2,4,Confident,0.9169,0.8146,0.0,0.6699,0.774,0.7553,1.0,0.226
192,fast_learner,3,4,Confident,0.7411,0.8139,0.0677,0.7553,0.6917,0.8425,1.0,0.2688
192,fast_learner,4,4,Confident,0.9422,0.9584,0.0,0.7752,0.7257,0.871,0.953,0.2663
193,fast_learner,0,1,Unclear,0.3177,0.3634,0.4213,0.1927,0.3738,0.5391,0.1772,0.7617
193,fast_learner,1,3,Understanding,0.6572,0.704,0.0469,0.6599,0.708,0.6434,0.7238,0.3507
193,fast_learner,2,3,Understanding,0.6891,0.5829,0.0216,0.7877,0.6509,0.5727,0.761,0.396
193,fast_learner,3,4,Confident,0.9736,0.8774,0.2896,0.593,0.6518,0.7667,1.0,0.4837
193,fast_learner,4,4,Confident,0.8006,0.7822,0.0,0.706,0.9291,0.7683,0.8355,0.3507
194,hardworking_struggler,0,1,Unclear,0.2206,0.2914,0.2862,0.3271,0.3765,0.4714,0.3982,0.5871
194,hardworking_struggler,1,3,Understanding,0.6794,0.6516,0.0405,0.621,0.9245,0.7418,0.5012,0.5694
194,hardworking_struggler,2,1,Unclear,0.2784,0.2894,0.4781,0.2291,0.5177,0.3636,0.3119,0.882
194,hardworking_struggler,3,2,Struggling but Trying,0.6771,0.4731,0.3257,0.7786,0.5683,0.5871,0.2966,0.8557
194,hardworking_struggler,4,2,Struggling but Trying,0.5097,0.5527,0.5014,0.6755,0.7937,0.9767,0.4701,0.6902
194,hardworking_struggler,5,2,Struggling but Trying,0.3931,0.496,0.3175,0.2938,0.7237,0.8037,0.4712,0.9615
195,disengaged,0,2,Struggling but Trying,0.3631,0.5867,0.4397,0.3647,0.8165,0.968,0.5325,0.4775
195,disengaged,1,2,Struggling but Trying,0.322,0.5523,0.3413,0.2263,0.7139,0.9041,0.4192,0.769
195,disengaged,2,1,Unclear,0.1441,0.3483,0.3552,0.3738,0.4336,0.5112,0.4923,0.6513
195,disengaged,3,0,Not Trying,0.0977,0.1626,0.1497,0.0,0.2749,0.2924,0.2626,0.3784
195,disengaged,4,0,Not Trying,0.0,0.3761,0.0387,0.2565,0.0379,0.4055,0.2045,0.5024
196,disengaged,0,0,Not Trying,0.0013,0.1585,0.2248,0.0,0.1287,0.1715,0.3268,0.511
196,disengaged,1,1,Unclear,0.2239,0.3645,0.3397,0.4887,0.4712,0.5377,0.2508,0.5929
196,disengaged,2,1,Unclear,0.149,0.3614,0.3861,0.2626,0.2297,0.398,0.279,0.6078
196,disengaged,3,0,Not Trying,0.0491,0.0976,0.1107,0.1302,0.0186,0.3173,0.1348,0.6523
196,disengaged,4,1,Unclear,0.2452,0.2807,0.2272,0.1,0.2585,0.5764,0.225,0.4987
196,disengaged,5,2,Struggling but Trying,0.4115,0.4654,0.2871,0.6739,0.8999,1.0,0.1888,0.6387
196,disengaged,6,2,Struggling but Trying,0.4046,0.5861,0.3207,0.7395,0.8751,0.9379,0.3465,0.7373
197,fast_learner,0,1,Unclear,0.2155,0.4805,0.287,0.0794,0.4709,0.3338,0.3245,0.7268
197,fast_learner,1,3,Understanding,0.7848,0.7581,0.175,0.5551,0.7353,0.5543,0.8531,0.2677
197,fast_learner,2,1,Unclear,0.1181,0.277,0.3513,0.2365,0.4873,0.5295,0.2898,0.6826
197,fast_learner,3,3,Understanding,0.7909,0.5861,0.0519,0.707,0.7424,0.6135,0.7474,0.3342
197,fast_learner,4,4,Confident,0.9329,0.7368,0.0,0.7344,0.7692,0.7735,0.7011,0.0687
197,fast_learner,5,4,Confident,0.9086,0.8606,0.0771,0.7257,0.7721,1.0,1.0,0.2125
197,fast_learner,6,4,Confident,0.594,0.9569,0.1287,0.7347,0.5782,0.6498,0.9078,0.2384
197,fast_learner,7,4,Confident,0.8886,0.9467,0.087,0.8995,0.4992,0.6395,0.8026,0.3903
197,fast_learner,8,4,Confident,0.8636,0.7888,0.0,0.9036,0.684,1.0,0.7539,0.5237
197,fast_learner,9,4,Confident,0.7772,0.8732,0.1271,0.773,0.8506,0.9061,0.9275,0.2479
198,fast_learner,0,1,Unclear,0.0624,0.3669,0.3403,0.1444,0.31,0.4595,0.6009,0.7286
198,fast_learner,1,3,Understanding,0.6882,0.5126,0.1872,0.571,0.6597,0.6131,0.6595,0.5885
198,fast_learner,2,3,Understanding,0.8586,0.8728,0.0,0.5068,0.483,0.8322,0.5599,0.3864
198,fast_learner,3,4,Confident,0.9183,0.7015,0.0,0.8002,0.8938,0.7967,0.7471,0.0
198,fast_learner,4,3,Understanding,0.6264,0.5853,0.0,0.4773,0.5847,0.7189,0.4929,0.4741
198,fast_learner,5,1,Unclear,0.4722,0.1796,0.3661,0.3209,0.2263,0.5124,0.45,0.7125
198,fast_learner,6,3,Understanding,0.4822,0.6158,0.2675,0.7594,0.7649,0.9103,0.4008,0.5534
198,fast_learner,7,4,Confident,0.8141,1.0,0.0696,0.5369,0.7958,0.7064,1.0,0.3212
198,fast_learner,8,3,Understanding,0.8502,0.7939,0.0372,0.6318,0.762,0.7026,0.6065,0.4548
198,fast_learner,9,4,Confident,0.6567,0.8739,0.0,0.6808,0.5374,0.5857,0.9054,0.2211
199,inconsistent,0,2,Struggling but Trying,0.4448,0.5823,0.3965,0.5197,0.5277,0.7016,0.3873,0.6491
199,inconsistent,1,2,Struggling but Trying,0.457,0.743,0.2512,0.5497,0.5926,0.9616,0.5137,0.8547
199,inconsistent,2,2,Struggling but Trying,0.4073,0.4698,0.471,0.6259,0.4837,0.8591,0.3244,0.8668
199,inconsistent,3,2,Struggling but Trying,0.2759,0.5269,0.3211,0.5936,0.8191,0.9945,0.4538,0.753
199,inconsistent,4,2,Struggling but Trying,0.6743,0.5915,0.3206,0.6019,0.7807,0.8024,0.6815,0.6526
199,inconsistent,5,3,Understanding,0.6874,0.552,0.1012,0.5844,0.7693,0.7619,0.5171,0.6412
200,hardworking_struggler,0,1,Unclear,0.2464,0.4204,0.2923,0.3156,0.3289,0.3101,0.3666,0.6427
200,hardworking_struggler,1,2,Struggling but Trying,0.4864,0.6273,0.2151,0.5096,0.6582,0.6921,0.3227,0.7245
200,hardworking_struggler,2,1,Unclear,0.282,0.2443,0.4794,0.4133,0.2419,0.6591,0.3925,0.6797
200,hardworking_struggler,3,3,Understanding,0.6974,0.7545,0.1387,0.6095,0.4569,0.8185,0.6014,0.5511
200,hardworking_struggler,4,1,Unclear,0.2152,0.4523,0.3705,0.3196,0.3334,0.7189,0.2573,0.6581
200,hardworking_struggler,5,2,Struggling but Trying,0.5227,0.4418,0.253,0.488,0.7575,0.6374,0.1084,0.8095
200,hardworking_struggler,6,2,Struggling but Trying,0.5354,0.6559,0.2836,0.7059,0.7471,1.0,0.3407,0.4426
